pert_iname,cs,pert_type
ZNF669,-2.89,trt_sh
MYD88,-2.32,trt_sh
RPS19,-2.3,trt_sh
JAK3,-2.24,trt_sh
TXNRD1,-2.2,trt_sh
PIK3C2B,-2.17,trt_sh
REL,-2.16,trt_oe
PIAS2,-2.15,trt_sh
HADHB,-2.13,trt_sh
BCL2L13,-2.09,trt_sh
GAK,-2.09,trt_sh
PRKAR2B,-2.05,trt_sh
STK17A,-2.05,trt_sh
BTG1,-2.02,trt_sh
ACO2,-2.01,trt_sh
IGFBP4,-1.98,trt_sh
KIT,-1.96,trt_sh
TERF2IP,-1.94,trt_oe
IRS2,-1.93,trt_sh
CDKN1B,-1.92,trt_sh
CTSB,-1.92,trt_sh
PDGFRB,-1.89,trt_sh
AARS,-1.88,trt_sh
PIP4K2B,-1.88,trt_sh
HERPUD1,-1.88,trt_sh
MAPK8,-1.86,trt_sh
GFOD2,-1.82,trt_sh
STK38L,-1.82,trt_sh
LRRC18,-1.81,trt_sh
ABCC4,-1.81,trt_sh
CASP8,-1.8,trt_sh
BRD-K46284961,-1.79,trt_cp
BCL2L1,-1.77,trt_sh
MALT1,-1.77,trt_sh
VRK3,-1.77,trt_sh
DNAJC1,-1.75,trt_oe
SDHB,-1.73,trt_sh
ATG7,-1.73,trt_sh
NCOA4,-1.72,trt_sh
IL18RAP,-1.71,trt_sh
SOS1,-1.69,trt_sh
ITGB1,-1.69,trt_sh
ERAP1,-1.68,trt_sh
ABCC1,-1.66,trt_sh
FOXO3,-1.65,trt_oe
SEC16A,-1.65,trt_sh
SCNN1A,-1.64,trt_sh
IL13RA1,-1.64,trt_sh
IMPA1,-1.64,trt_sh
BRCA2,-1.63,trt_sh
POLA1,-1.62,trt_sh
PIK3R4,-1.62,trt_sh
SENP2,-1.62,trt_sh
UBAP2L,-1.61,trt_sh
SUFU,-1.6,trt_sh
ACSL1,-1.6,trt_sh
F12,-1.59,trt_sh
WNK1,-1.59,trt_sh
PDXK,-1.58,trt_sh
PRDM1,-1.58,trt_oe
NONO,-1.58,trt_sh
CDKN2A,-1.57,trt_sh
HEY1,-1.57,trt_sh
OTUD3,-1.56,trt_sh
SLC25A28,-1.56,trt_sh
FANCG,-1.55,trt_sh
FOSL1,-1.55,trt_sh
ALDH1A3,-1.55,trt_sh
PAK4,-1.55,trt_sh
BRD-K50204028,-1.55,trt_cp
PCSK7,-1.54,trt_sh
BRD-K85565420,-1.54,trt_cp
BRD-K31367750,-1.53,trt_cp
GLUD1,-1.53,trt_sh
CCNA2,-1.53,trt_sh
SUCLG2,-1.52,trt_sh
HOXA5,-1.52,trt_sh
GADD45B,-1.51,trt_sh
DLC1,-1.5,trt_sh
HSP90AB1,-1.5,trt_sh
CCND3,-1.5,trt_sh
E2F4,-1.49,trt_sh
BRD-K16297709,-1.49,trt_cp
CD99,-1.48,trt_sh
HSP90AA1,-1.48,trt_sh
PBX1,-1.48,trt_sh
RBM15,-1.48,trt_sh
TFF1,-1.48,trt_sh
PLOD3,-1.47,trt_sh
WHSC1,-1.47,trt_sh
HADH,-1.46,trt_sh
RAP1A,-1.46,trt_sh
SIRT5,-1.45,trt_sh
XPNPEP3,-1.45,trt_sh
KDM5B,-1.45,trt_sh
ARHGEF12,-1.45,trt_sh
phenazone,-1.45,trt_cp
SDHD,-1.45,trt_sh
PER2,-1.45,trt_sh
GNPDA1,-1.45,trt_sh
OXCT1,-1.43,trt_sh
PRKAR2A,-1.43,trt_sh
DCLK3,-1.43,trt_sh
MSH2,-1.42,trt_sh
FLT3,-1.41,trt_lig
SMURF1,-1.4,trt_sh
TBK1,-1.4,trt_sh
GAA,-1.4,trt_sh
VAV3,-1.39,trt_sh
GPRC5A,-1.39,trt_sh
FBXL20,-1.39,trt_sh
HUS1,-1.39,trt_sh
HRSP12,-1.38,trt_sh
GYS1,-1.38,trt_sh
KLF5,-1.38,trt_sh
CDKN2C,-1.38,trt_sh
GNA12,-1.37,trt_sh
IRF9,-1.37,trt_oe
EZH2,-1.37,trt_sh
TXNIP,-1.37,trt_sh
FGFR4,-1.36,trt_sh
DCTD,-1.36,trt_sh
EBP,-1.35,trt_sh
TARS,-1.35,trt_sh
METAP2,-1.35,trt_sh
ASCC3,-1.35,trt_sh
EWSR1,-1.35,trt_oe
PRMT3,-1.34,trt_sh
LSP1,-1.34,trt_sh
IL6,-1.33,trt_sh
SMAD6,-1.33,trt_sh
BTG2,-1.32,trt_sh
C2ORF3,-1.32,trt_sh
GPR137,-1.32,trt_sh
SFPQ,-1.32,trt_sh
BRD-K28925416,-1.31,trt_cp
SP3,-1.31,trt_sh
vorinostat,-1.31,trt_cp
YAP1,-1.31,trt_sh
NR2F1,-1.3,trt_sh
IMPA2,-1.3,trt_sh
SMARCA4,-1.3,trt_sh
NAMPT,-1.29,trt_sh
INSR,-1.29,trt_sh
PAK7,-1.29,trt_sh
CBR3,-1.29,trt_sh
GARS,-1.29,trt_sh
RALA,-1.28,trt_sh
IFNAR2,-1.28,trt_sh
CANX,-1.28,trt_sh
NUDT6,-1.28,trt_sh
GNAS,-1.27,trt_sh
VPS8,-1.27,trt_sh
TRIM38,-1.27,trt_sh
PRKCI,-1.27,trt_sh
SERPINE1,-1.27,trt_sh
STK10,-1.27,trt_sh
EIF4G1,-1.26,trt_sh
GCLC,-1.26,trt_sh
MAP3K14,-1.26,trt_sh
NEK4,-1.25,trt_sh
AATF,-1.25,trt_sh
HIF1A,-1.24,trt_sh
CYP1B1,-1.24,trt_sh
DR1,-1.24,trt_sh
FUT1,-1.24,trt_sh
GOT1,-1.24,trt_sh
UCK2,-1.23,trt_sh
RAD1,-1.23,trt_sh
MAX,-1.23,trt_oe
IL2,-1.22,trt_lig
GRB2,-1.22,trt_sh
TFPI,-1.22,trt_sh
RARA,-1.22,trt_oe
DAXX,-1.21,trt_sh
SPEN,-1.21,trt_sh
GNB5,-1.21,trt_sh
TMEM174,-1.21,trt_sh
DGKK,-1.21,trt_sh
BRD-K92801790,-1.2,trt_cp
TAF15,-1.2,trt_sh
SULT1A1,-1.2,trt_sh
AURKA,-1.2,trt_sh
IL4R,-1.19,trt_sh
PMM2,-1.19,trt_sh
ETV1,-1.17,trt_oe
CYB5A,-1.17,trt_sh
RGS2,-1.16,trt_sh
THBS1,-1.16,trt_sh
ANXA1,-1.16,trt_sh
CDX2,-1.16,trt_oe
XRCC5,-1.15,trt_sh
CAMK4,-1.15,trt_sh
YBX1,-1.15,trt_sh
ELF4,-1.15,trt_sh
CHD8,-1.15,trt_sh
ACAT1,-1.15,trt_sh
NME3,-1.14,trt_sh
IFNGR1,-1.14,trt_sh
IL27,-1.14,trt_sh
EIF2AK3,-1.13,trt_sh
WEE1,-1.13,trt_sh
TIMP2,-1.13,trt_sh
PCCB,-1.13,trt_sh
PPOX,-1.13,trt_sh
MST1,-1.12,trt_sh
TCF12,-1.12,trt_oe
DUSP14,-1.12,trt_sh
NMT1,-1.11,trt_sh
BCL6,-1.11,trt_oe
UBE2E3,-1.1,trt_sh
HOXA10,-1.1,trt_oe
C14ORF181,-1.09,trt_sh
ITGAE,-1.09,trt_sh
NGFR,-1.09,trt_sh
GNAI2,-1.09,trt_sh
SHC1,-1.09,trt_sh
ROCK2,-1.09,trt_sh
HDAC2,-1.09,trt_sh
MCTS1,-1.08,trt_sh
UBE2C,-1.08,trt_sh
TRIP13,-1.08,trt_sh
NOTCH2,-1.08,trt_sh
COX5A,-1.07,trt_sh
ENTPD6,-1.07,trt_sh
BRD-K76512739,-1.07,trt_cp
ARNT,-1.07,trt_oe
RPS6,-1.07,trt_sh
KCNMA1,-1.06,trt_sh
RNF186,-1.06,trt_sh
ALG9,-1.06,trt_sh
ANXA5,-1.06,trt_sh
ORMDL3,-1.06,trt_sh
ATF3,-1.06,trt_oe
FBXO11,-1.05,trt_oe
BLM,-1.05,trt_sh
CREBBP,-1.05,trt_sh
SIRT2,-1.05,trt_oe
FBP1,-1.05,trt_sh
FUK,-1.05,trt_sh
TNFRSF1A,-1.05,trt_sh
TPI1,-1.05,trt_sh
GNA11,-1.04,trt_sh
CREM,-1.04,trt_oe
AKT2,-1.04,trt_sh
SP140,-1.04,trt_sh
FAF1,-1.04,trt_sh
LOC441971,-1.03,trt_sh
KTN1,-1.03,trt_sh
LRRK1,-1.03,trt_sh
MEGF9,-1.03,trt_sh
POLA2,-1.03,trt_sh
DCXR,-1.03,trt_sh
CTBP1,-1.03,trt_sh
SOCS2,-1.03,trt_sh
CCND1,-1.03,trt_sh
ERBB2,-1.03,trt_sh
ATP2C1,-1.03,trt_sh
LIF,-1.02,trt_lig
ZMIZ1,-1.02,trt_sh
S100A4,-1.02,trt_sh
BCL2,-1.02,trt_sh
GSTM1,-1.02,trt_sh
STAT5B,-1.02,trt_oe
GLIS3,-1.02,trt_sh
BRD-K77432048,-1.02,trt_cp
POLR2A,-1.02,trt_sh
TUBB2A,-1.01,trt_sh
MDM2,-1.01,trt_oe
GSR,-1.01,trt_sh
UNC13B,-1.0,trt_sh
MAN2B1,-1.0,trt_sh
HDAC3,-1.0,trt_sh
PPP1R8,-1.0,trt_sh
KHDRBS1,-0.99,trt_sh
CS,-0.99,trt_sh
NR1D2,-0.99,trt_oe
CLK4,-0.99,trt_sh
MAPK3,-0.99,trt_sh
PTPN11,-0.99,trt_sh
PPARG,-0.98,trt_oe
ID2,-0.98,trt_oe
NTRK3,-0.98,trt_sh
RCHY1,-0.97,trt_sh
TOP1,-0.97,trt_sh
EHMT2,-0.97,trt_oe
PIM1,-0.97,trt_sh
CEACAM6,-0.97,trt_sh
CCNB2,-0.96,trt_sh
STX1A,-0.96,trt_sh
C15ORF42,-0.96,trt_sh
STK19,-0.96,trt_sh
BRD-K30645599,-0.95,trt_cp
IL6ST,-0.95,trt_sh
ROS1,-0.95,trt_sh
PKM2,-0.95,trt_sh
DNMT1,-0.95,trt_sh
STAT5A,-0.95,trt_oe
ALK,-0.95,trt_sh
CCNE1,-0.94,trt_sh
BRD-K40170731,-0.94,trt_cp
CD58,-0.94,trt_sh
FHL2,-0.94,trt_sh
CHUK,-0.93,trt_sh
KDM5A,-0.92,trt_sh
BRD-K66805710,-0.92,trt_cp
MAP4K4,-0.92,trt_sh
ITGB5,-0.92,trt_sh
BRD-K51877340,-0.91,trt_cp
EEF1D,-0.91,trt_sh
PRKCH,-0.91,trt_sh
FGFR1,-0.91,trt_sh
SLC39A8,-0.91,trt_sh
NCF2,-0.9,trt_sh
GATA3,-0.9,trt_oe
ASL,-0.9,trt_sh
RASA1,-0.9,trt_sh
PAX6,-0.89,trt_oe
THADA,-0.89,trt_sh
SMAD7,-0.89,trt_sh
RPS6KA3,-0.89,trt_sh
UGDH,-0.89,trt_sh
ASH2L,-0.88,trt_sh
CYCS,-0.88,trt_sh
MEN1,-0.88,trt_sh
ZNF384,-0.88,trt_oe
E2F3,-0.88,trt_oe
BRD-K20510412,-0.88,trt_cp
HMGA1,-0.88,trt_sh
IDH2,-0.87,trt_sh
BCL2L2,-0.87,trt_sh
OXTR,-0.87,trt_sh
HSPA5,-0.87,trt_sh
UBE2L6,-0.87,trt_sh
ACLY,-0.86,trt_sh
ZPBP2,-0.86,trt_sh
IRF3,-0.86,trt_oe
NRAS,-0.86,trt_sh
MAPKAPK3,-0.86,trt_sh
LOC392347,-0.86,trt_sh
CPE,-0.86,trt_sh
MORN1,-0.85,trt_sh
ZNF217,-0.85,trt_oe
PRKCZ,-0.85,trt_sh
C1QTNF6,-0.84,trt_sh
GPR31,-0.84,trt_sh
FASN,-0.84,trt_sh
MAP2K5,-0.84,trt_sh
NFYB,-0.84,trt_oe
CLK2,-0.84,trt_sh
ABCG2,-0.84,trt_sh
SDHC,-0.83,trt_sh
COX4I1,-0.83,trt_sh
NFKBIA,-0.83,trt_sh
EPHX1,-0.82,trt_sh
TRIM24,-0.82,trt_sh
ILF3,-0.82,trt_sh
TDRD3,-0.82,trt_sh
TSC1,-0.82,trt_sh
PPP2R1A,-0.82,trt_sh
ABCC5,-0.81,trt_sh
NDUFA5,-0.81,trt_sh
BRD4,-0.81,trt_sh
CREB3L2,-0.8,trt_oe
DENND1B,-0.79,trt_sh
PTTG1,-0.79,trt_sh
BCKDHA,-0.79,trt_sh
COMT,-0.79,trt_sh
FOXO4,-0.79,trt_oe
CYP20A1,-0.79,trt_sh
IKBKG,-0.79,trt_sh
PAFAH1B1,-0.79,trt_sh
POLR2K,-0.79,trt_sh
BRD-K85946956,-0.79,trt_cp
BIRC5,-0.78,trt_sh
TRIB1,-0.78,trt_sh
BRD-K53359044,-0.78,trt_cp
NRIP1,-0.78,trt_sh
PDHX,-0.78,trt_sh
BDH1,-0.77,trt_sh
RUVBL1,-0.77,trt_sh
PSMB2,-0.77,trt_sh
STAT3,-0.77,trt_oe
WT1,-0.77,trt_sh
TRIB3,-0.77,trt_sh
PTK2,-0.76,trt_sh
HSD17B7,-0.76,trt_sh
DYRK3,-0.75,trt_sh
NEK7,-0.75,trt_sh
ERCC1,-0.75,trt_sh
PCNA,-0.75,trt_sh
RNLS,-0.75,trt_sh
PHKG2,-0.75,trt_sh
BRAF,-0.75,trt_sh
RRM1,-0.74,trt_sh
PCK2,-0.74,trt_sh
CYP51A1,-0.74,trt_sh
FKBP1A,-0.74,trt_sh
ATP1B1,-0.74,trt_sh
TLR7,-0.73,trt_sh
SIAH2,-0.73,trt_sh
TMEM154,-0.73,trt_sh
TM7SF2,-0.73,trt_sh
BMP2KL,-0.72,trt_sh
CTSL1,-0.72,trt_sh
NTRK1,-0.72,trt_sh
MTOR,-0.72,trt_sh
IFIH1,-0.72,trt_sh
BRD-A15501135,-0.71,trt_cp
F3,-0.71,trt_sh
NFIL3,-0.7,trt_oe
MAP3K7,-0.7,trt_sh
PIN1,-0.7,trt_sh
RPN1,-0.7,trt_sh
MINK1,-0.7,trt_sh
MED7,-0.7,trt_sh
SCYL3,-0.7,trt_sh
SYK,-0.69,trt_sh
ABCB7,-0.69,trt_sh
AKR7A2,-0.69,trt_sh
BUB1,-0.69,trt_sh
ZNF365,-0.69,trt_sh
RIOK2,-0.68,trt_sh
KEAP1,-0.68,trt_sh
NDFIP1,-0.68,trt_sh
CANT1,-0.68,trt_sh
ERBB4,-0.68,trt_sh
FABP4,-0.68,trt_sh
ATG5,-0.67,trt_sh
SPR,-0.67,trt_sh
TRAFD1,-0.67,trt_oe
PARP4,-0.67,trt_sh
AXIN1,-0.67,trt_sh
TNFSF15,-0.67,trt_sh
ME2,-0.67,trt_sh
PAX8,-0.66,trt_oe
SRC,-0.66,trt_sh
RAD51,-0.66,trt_sh
SFN,-0.66,trt_lig
ATR,-0.66,trt_sh
PRKAB1,-0.66,trt_sh
HSD17B10,-0.66,trt_sh
IMPDH2,-0.66,trt_sh
MAST2,-0.66,trt_sh
CSNK2A1,-0.65,trt_sh
ID1,-0.65,trt_oe
PUS10,-0.65,trt_sh
IPMK,-0.65,trt_sh
RORC,-0.64,trt_oe
EGFR,-0.64,trt_lig
NAT1,-0.64,trt_sh
BRD-K71240454,-0.64,trt_cp
IDE,-0.64,trt_sh
MAP2K2,-0.64,trt_sh
ATP6V1D,-0.64,trt_sh
lacZ,-0.64,ctl_vector
CAMK2D,-0.64,trt_sh
CEP72,-0.64,trt_sh
VRK1,-0.64,trt_oe
SQSTM1,-0.64,trt_sh
NSDHL,-0.63,trt_sh
POLQ,-0.63,trt_sh
FOSL2,-0.62,trt_oe
TSC2,-0.62,trt_sh
GSTT1,-0.62,trt_sh
DHCR7,-0.62,trt_sh
CERK,-0.62,trt_sh
LCK,-0.62,trt_sh
PARL,-0.62,trt_sh
SRSF3,-0.62,trt_sh
POLR2I,-0.62,trt_sh
CA2,-0.61,trt_sh
ATP6V0B,-0.61,trt_sh
FDFT1,-0.61,trt_sh
HSPB8,-0.61,trt_sh
HOXA9,-0.61,trt_sh
MAPK14,-0.61,trt_sh
MSH6,-0.6,trt_sh
FZD5,-0.6,trt_sh
PTPN1,-0.6,trt_sh
NFKB1,-0.6,trt_sh
POU2F1,-0.6,trt_sh
IL1RAP,-0.6,trt_sh
PPARD,-0.6,trt_oe
TTBK1,-0.59,trt_sh
SRF,-0.59,trt_sh
P2RY2,-0.59,trt_sh
WNT10B,-0.59,trt_sh
MAP2K4,-0.59,trt_sh
KIF21B,-0.59,trt_sh
HLF,-0.59,trt_sh
ATF1,-0.58,trt_oe
PKN2,-0.58,trt_sh
CEBPB,-0.58,trt_sh
CXCL2,-0.58,trt_sh
TFDP1,-0.58,trt_oe
TNKS2,-0.57,trt_sh
TGDS,-0.57,trt_sh
SPTLC2,-0.57,trt_sh
TBX3,-0.57,trt_oe
RNF145,-0.57,trt_sh
MAPKAPK2,-0.57,trt_sh
PSMD1,-0.56,trt_sh
CSNK2A2,-0.56,trt_sh
BRCA1,-0.56,trt_oe
JAK2,-0.56,trt_sh
HDAC5,-0.56,trt_sh
CDK7,-0.55,trt_sh
ACVR2B,-0.55,trt_sh
TUBB2C,-0.55,trt_sh
DEK,-0.55,trt_oe
CDK6,-0.55,trt_sh
TCF7L2,-0.54,trt_sh
IMPDH1,-0.54,trt_sh
FDPS,-0.54,trt_sh
XPC,-0.54,trt_sh
B4GALT4,-0.54,trt_sh
BCAT2,-0.54,trt_sh
HDAC6,-0.54,trt_sh
DICER1,-0.53,trt_sh
MTA1,-0.53,trt_sh
FANCF,-0.53,trt_sh
JAK1,-0.53,trt_sh
PTPN22,-0.53,trt_sh
VDR,-0.53,trt_oe
MEX3B,-0.53,trt_sh
WNK4,-0.53,trt_sh
ZMIZ2,-0.53,trt_sh
B3GNT1,-0.53,trt_sh
PLCG1,-0.53,trt_sh
RPS7,-0.52,trt_sh
STK38,-0.52,trt_sh
ERBB3,-0.52,trt_sh
CALCOCO2,-0.52,trt_sh
PTCH1,-0.52,trt_sh
BUB1B,-0.52,trt_sh
WFS1,-0.52,trt_sh
PLAT,-0.52,trt_sh
MAP3K4,-0.52,trt_sh
CAT,-0.52,trt_sh
GTF2E2,-0.52,trt_oe
ATG16L1,-0.52,trt_sh
SLC7A5,-0.51,trt_sh
GADD45A,-0.51,trt_sh
TCIRG1,-0.51,trt_sh
ACAT2,-0.51,trt_sh
TFG,-0.5,trt_sh
TESK1,-0.5,trt_sh
KRAS,-0.49,trt_sh
IRAK1,-0.49,trt_sh
IL23R,-0.49,trt_sh
HDAC8,-0.49,trt_sh
IGFN1,-0.48,trt_sh
ATG16L2,-0.48,trt_sh
NEK8,-0.48,trt_sh
MLH1,-0.48,trt_sh
ADPGK,-0.48,trt_sh
LOXL1,-0.48,trt_sh
TYK2,-0.48,trt_sh
ETS2,-0.48,trt_oe
CEBPG,-0.48,trt_sh
NOTCH1,-0.48,trt_sh
DAP,-0.48,trt_sh
ATF5,-0.47,trt_sh
GAPDH,-0.47,trt_sh
PYCR1,-0.47,trt_sh
CDCA8,-0.47,trt_sh
LIPA,-0.47,trt_sh
CREB1,-0.46,trt_oe
GIPC1,-0.46,trt_sh
AGL,-0.46,trt_sh
MAPK1,-0.46,trt_sh
COL4A5,-0.46,trt_sh
UBE2D3,-0.46,trt_sh
DUT,-0.46,trt_sh
FOXP3,-0.45,trt_oe
PIKFYVE,-0.45,trt_sh
ALDH5A1,-0.45,trt_sh
PEAK1,-0.45,trt_sh
YES1,-0.45,trt_sh
GSK3B,-0.44,trt_sh
PRPF4B,-0.44,trt_sh
STK25,-0.44,trt_sh
RHEB,-0.44,trt_sh
TNFRSF10B,-0.44,trt_sh
ZNF143,-0.44,trt_sh
CD44,-0.44,trt_sh
BRD-K01425313,-0.44,trt_cp
LOC400301,-0.44,trt_sh
EMPTY_VECTOR,-0.43,ctl_vector
CRK,-0.43,trt_sh
CDC7,-0.43,trt_sh
GSDMB,-0.43,trt_sh
ADA,-0.43,trt_sh
ABL1,-0.43,trt_sh
NLK,-0.43,trt_sh
DDIT3,-0.43,trt_oe
STK3,-0.42,trt_sh
ZNF207,-0.42,trt_oe
PARP2,-0.42,trt_sh
ACAA1,-0.42,trt_sh
FUT2,-0.42,trt_sh
CASK,-0.42,trt_sh
MYBL2,-0.42,trt_sh
ALDH7A1,-0.41,trt_sh
UGP2,-0.41,trt_sh
BRD-K92047490,-0.41,trt_cp
pgw,-0.41,ctl_vector
LUCIFERASE,-0.41,ctl_vector
SLC2A1,-0.41,trt_sh
EIF2AK1,-0.4,trt_sh
CEBPD,-0.4,trt_sh
ILK,-0.4,trt_sh
NR2C2,-0.4,trt_oe
ELK1,-0.4,trt_oe
GM2A,-0.4,trt_sh
ATM,-0.4,trt_sh
AFF1,-0.4,trt_oe
TBP,-0.4,trt_sh
IL4,-0.4,trt_sh
HSPD1,-0.39,trt_sh
ESR1,-0.39,trt_oe
MED1,-0.39,trt_sh
APC,-0.39,trt_sh
NQO2,-0.38,trt_sh
LOC392226,-0.38,trt_sh
STK39,-0.38,trt_sh
GPRC5C,-0.38,trt_sh
MET,-0.37,trt_sh
HRAS,-0.37,trt_sh
LACC1,-0.37,trt_sh
BRD-K08121566,-0.37,trt_cp
ANKZF1,-0.37,trt_sh
NUAK1,-0.37,trt_sh
CTSD,-0.37,trt_sh
ARHGEF5,-0.37,trt_sh
TP53,-0.36,trt_sh
ADRB2,-0.36,trt_sh
YY1,-0.36,trt_sh
HMGCR,-0.36,trt_sh
MTHFD2,-0.36,trt_sh
AKT1,-0.35,trt_sh
ASNS,-0.35,trt_sh
CPNE3,-0.35,trt_sh
FPGS,-0.35,trt_sh
ESRRA,-0.35,trt_oe
CDC25B,-0.35,trt_sh
JUN,-0.35,trt_oe
RAD54L,-0.34,trt_sh
GFP,-0.34,ctl_vector
BRD-K63697730,-0.34,trt_cp
MSMO1,-0.34,trt_sh
CXCR4,-0.33,trt_sh
AKR1C1,-0.33,trt_sh
TPR,-0.33,trt_sh
DNAJC12,-0.33,trt_sh
CBFB,-0.33,trt_sh
EPS8,-0.33,trt_sh
CSNK1E,-0.32,trt_sh
ABAT,-0.32,trt_sh
IGF1,-0.32,trt_sh
BRD-K11006288,-0.32,trt_cp
PPM1D,-0.32,trt_sh
RPS6KL1,-0.32,trt_sh
GMEB1,-0.32,trt_oe
MYCN,-0.32,trt_sh
RAP1GDS1,-0.32,trt_sh
CAPN1,-0.32,trt_sh
BRD-K48672996,-0.31,trt_cp
ATF4,-0.31,trt_oe
WNT5A,-0.31,trt_sh
CTRB1,-0.31,trt_sh
EGF,-0.31,trt_lig
RHOA,-0.31,trt_sh
ERCC6L,-0.31,trt_sh
EED,-0.3,trt_sh
SMURF2,-0.3,trt_sh
TK2,-0.3,trt_sh
WNT1,-0.29,trt_sh
ATP1A1,-0.29,trt_sh
MAPK9,-0.29,trt_sh
WRN,-0.28,trt_sh
ALDH3A2,-0.28,trt_sh
RUNX1,-0.28,trt_sh
BRD-K72462994,-0.28,trt_cp
assinex_D328,-0.28,trt_cp
ZNF134,-0.28,trt_oe
GPR56,-0.28,trt_sh
PPIA,-0.28,trt_sh
HSPA14,-0.28,trt_sh
TNFAIP3,-0.28,trt_oe
PSMD4,-0.28,trt_sh
NR1H2,-0.27,trt_oe
SLC29A2,-0.27,trt_sh
BAD,-0.27,trt_sh
METTL1,-0.27,trt_sh
FGF2,-0.27,trt_sh
FGFRL1,-0.27,trt_sh
BRD-K21387011,-0.27,trt_cp
MEF2C,-0.27,trt_sh
HS2ST1,-0.26,trt_sh
KAT6A,-0.26,trt_sh
ERAP2,-0.25,trt_sh
UnTrt,-0.25,ctl_untrt
RNASET2,-0.25,trt_sh
PNKP,-0.25,trt_sh
RIPK2,-0.25,trt_sh
COX5B,-0.25,trt_sh
CDK3,-0.25,trt_sh
SGK1,-0.25,trt_sh
PPP1CC,-0.24,trt_sh
CBS,-0.24,trt_sh
TBXA2R,-0.24,trt_sh
IKBKB,-0.24,trt_sh
HSPA4,-0.24,trt_sh
TGFBR1,-0.24,trt_sh
PECR,-0.24,trt_sh
EP300,-0.24,trt_sh
SOX4,-0.24,trt_sh
MAPKAPK5,-0.23,trt_sh
CDCA4,-0.23,trt_sh
MCM3,-0.23,trt_sh
RFP,-0.23,ctl_vector
MELK,-0.23,trt_sh
RPTOR,-0.23,trt_sh
CSNK1A1,-0.23,trt_sh
RPL22,-0.22,trt_sh
TFAP2A,-0.22,trt_sh
BCL10,-0.22,trt_sh
BRD-K34952911,-0.22,trt_cp
ATP5D,-0.21,trt_sh
AHCY,-0.21,trt_sh
CCND2,-0.21,trt_sh
ZBTB25,-0.2,trt_oe
PTPRF,-0.2,trt_sh
SMAD2,-0.19,trt_sh
PIGK,-0.19,trt_sh
ALAS1,-0.19,trt_sh
ABCA3,-0.19,trt_sh
ALDOC,-0.19,trt_sh
POLR1C,-0.19,trt_sh
DNM1,-0.18,trt_sh
AURKAIP1,-0.18,trt_sh
BRD-K87063901,-0.18,trt_cp
MOK,-0.18,trt_sh
TFRC,-0.17,trt_sh
CA12,-0.17,trt_sh
OXSR1,-0.17,trt_sh
PSMB1,-0.17,trt_sh
LYPLA1,-0.17,trt_sh
GPR35,-0.17,trt_sh
HSPA8,-0.17,trt_sh
BRD-K74659851,-0.17,trt_cp
CSK,-0.16,trt_sh
DVL1,-0.16,trt_oe
HPRT1,-0.16,trt_sh
AKAP11,-0.16,trt_sh
HSPB1,-0.15,trt_sh
NF1,-0.15,trt_sh
SULT1A2,-0.14,trt_sh
CTNNB1,-0.14,trt_sh
NR3C1,-0.14,trt_sh
GHR,-0.14,trt_sh
B4GALT1,-0.14,trt_sh
AKR1A1,-0.14,trt_sh
RB1,-0.14,trt_oe
ZMPSTE24,-0.13,trt_sh
IKBKE,-0.13,trt_sh
RPS6KB1,-0.13,trt_sh
TTC3,-0.13,trt_sh
CDK4,-0.13,trt_sh
EPAS1,-0.13,trt_sh
BRD-K23872647,-0.13,trt_cp
NUMA1,-0.12,trt_sh
ETNK2,-0.12,trt_sh
AK4,-0.12,trt_sh
ERCC3,-0.12,trt_sh
CRKL,-0.12,trt_sh
IGF1R,-0.12,trt_sh
UBE2A,-0.12,trt_sh
PRKCD,-0.11,trt_sh
RRM2,-0.11,trt_sh
FGFR1OP,-0.11,trt_sh
EIF2S2,-0.11,trt_sh
FAT1,-0.11,trt_sh
NPM1,-0.11,trt_sh
HNF4A,-0.11,trt_sh
CDKN1A,-0.1,trt_sh
GGPS1,-0.1,trt_sh
AURKB,-0.1,trt_sh
SMAD3,-0.1,trt_oe
SOD1,-0.1,trt_sh
NBN,-0.1,trt_sh
INPPL1,-0.1,trt_sh
TEK,-0.1,trt_sh
TEX14,-0.1,trt_sh
BRD-K33936059,-0.09,trt_cp
PLK2,-0.09,trt_sh
PRCC,-0.09,trt_sh
HORMAD2,-0.09,trt_sh
G6PD,-0.09,trt_sh
POLD4,-0.09,trt_sh
LAMA3,-0.09,trt_sh
YWHAH,-0.09,trt_sh
CKS2,-0.09,trt_sh
BRD-K55139645,-0.09,trt_cp
ALDH3B2,-0.08,trt_sh
UBASH3A,-0.08,trt_sh
ITGB1BP3,-0.08,trt_sh
NOD1,-0.08,trt_sh
TFE3,-0.08,trt_sh
RFC1,-0.08,trt_sh
RPA2,-0.08,trt_sh
GRHPR,-0.08,trt_sh
CFLAR,-0.08,trt_sh
PLAU,-0.07,trt_sh
BRD-K78716413,-0.07,trt_cp
DDX5,-0.07,trt_sh
GTF2B,-0.07,trt_sh
GGCX,-0.07,trt_sh
LAMB1,-0.06,trt_sh
ABCB6,-0.06,trt_sh
PRKACB,-0.05,trt_sh
SMARCE1,-0.05,trt_sh
PKD1,-0.05,trt_sh
TTK,-0.05,trt_oe
PRPSAP2,-0.05,trt_sh
TLK2,-0.05,trt_sh
LRRC32,-0.05,trt_sh
CES2,-0.05,trt_sh
BMPR1B,-0.05,trt_sh
IL10RB,-0.05,trt_sh
INPP1,-0.04,trt_sh
AKR1C2,-0.04,trt_sh
NTAN1,-0.04,trt_sh
HMGCL,-0.04,trt_sh
PDGFRA,-0.03,trt_sh
NCOA3,-0.03,trt_sh
NCOR2,-0.03,trt_sh
COBL,-0.03,trt_sh
BCR,-0.03,trt_sh
CDC25A,-0.03,trt_sh
VRK2,-0.02,trt_oe
SHH,-0.02,trt_sh
PTPN2,-0.02,trt_sh
BAG1,-0.01,trt_sh
AKAP13,-0.01,trt_sh
TAL1,-0.01,trt_sh
BRD-K83732250,-0.01,trt_cp
HSPA9,-0.01,trt_sh
IGFBP2,0.0,trt_sh
ZNF331,-0.0,trt_oe
MEF2A,0.0,trt_sh
BLVRA,-0.0,trt_sh
NBR1,0.0,trt_sh
ZNF300,0.01,trt_sh
MAP2K1,0.01,trt_sh
CTLA4,0.01,trt_sh
ST7,0.01,trt_sh
E2F5,0.02,trt_sh
PHB2,0.02,trt_sh
RYK,0.02,trt_sh
SH2B3,0.02,trt_sh
FAS,0.02,trt_sh
SS18L1,0.02,trt_sh
BRD-K03111155,0.02,trt_cp
NNT,0.02,trt_sh
TRADD,0.02,trt_sh
PIK3CA,0.02,trt_sh
STK33,0.02,trt_sh
DHRS2,0.03,trt_sh
RBKS,0.03,trt_sh
GLI3,0.03,trt_oe
DDB2,0.03,trt_sh
IDH1,0.03,trt_sh
MYC,0.03,trt_sh
CLTB,0.03,trt_sh
MAP4K3,0.04,trt_sh
BID,0.04,trt_sh
NOD2,0.04,trt_sh
HDAC4,0.04,trt_sh
TOP2A,0.04,trt_sh
PANK3,0.05,trt_sh
INPP4B,0.05,trt_sh
GTF2A2,0.05,trt_sh
INS,0.05,trt_lig
CASP3,0.05,trt_sh
BRD3,0.05,trt_sh
LASP1,0.06,trt_sh
EIF2B5,0.06,trt_sh
PIK3CB,0.06,trt_sh
CHEK2,0.06,trt_sh
IKZF1,0.07,trt_oe
NR2F2,0.07,trt_sh
RYBP,0.07,trt_sh
PHKA1,0.07,trt_sh
CREBL2,0.07,trt_sh
BRD-A70633932,0.07,trt_cp
HES1,0.07,trt_sh
PARP1,0.07,trt_sh
ADRBK2,0.08,trt_sh
NRBP1,0.08,trt_sh
PANK2,0.09,trt_sh
DHCR24,0.09,trt_sh
STAT1,0.09,trt_sh
HMOX1,0.09,trt_sh
CLEC16A,0.09,trt_sh
PML,0.09,trt_oe
MARK2P10,0.09,trt_sh
PPP2CA,0.1,trt_sh
FOS,0.1,trt_oe
phenformin,0.1,trt_cp
NR2F6,0.1,trt_sh
POLR2D,0.1,trt_sh
TAOK3,0.11,trt_sh
BRD-K90735586,0.12,trt_cp
MLL,0.12,trt_sh
KCNG1,0.12,trt_sh
DDR1,0.12,trt_sh
ABL2,0.12,trt_sh
IKBKAP,0.12,trt_sh
PTGER4,0.13,trt_sh
CLK3,0.13,trt_sh
MARK4,0.14,trt_sh
DPYD,0.14,trt_sh
NEK2,0.14,trt_sh
CTCF,0.14,trt_sh
CDA,0.14,trt_sh
TRIM27,0.14,trt_sh
GLS,0.14,trt_sh
GTF2I,0.14,trt_sh
ITGB4,0.14,trt_sh
SHMT2,0.15,trt_sh
STAT6,0.15,trt_oe
ADAM15,0.15,trt_sh
MYB,0.15,trt_sh
IQGAP1,0.15,trt_sh
MASTL,0.16,trt_sh
BCL3,0.16,trt_sh
NAA25,0.16,trt_sh
AR,0.16,trt_sh
STK11,0.17,trt_sh
VEGFA,0.17,trt_sh
MAPK15,0.17,trt_sh
ALDH18A1,0.17,trt_sh
TNFSF8,0.18,trt_sh
ROCK1,0.18,trt_sh
PPAP2A,0.18,trt_sh
FOXO1,0.18,trt_sh
RPS6KA1,0.18,trt_sh
KIAA1804,0.19,trt_sh
CBR1,0.19,trt_sh
VHL,0.19,trt_oe
TJP1,0.2,trt_sh
IL8,0.2,trt_sh
ABCA5,0.2,trt_sh
YWHAZ,0.2,trt_sh
GCH1,0.2,trt_sh
ABCC3,0.2,trt_sh
CDK5,0.21,trt_sh
SIRT1,0.21,trt_sh
CDKAL1,0.21,trt_sh
BRDT,0.21,trt_sh
BACH2,0.21,trt_sh
CALR,0.22,trt_sh
ERG,0.22,trt_sh
ADCY9,0.22,trt_sh
PAICS,0.23,trt_sh
PPP1R14B,0.23,trt_sh
MYO3B,0.23,trt_sh
RAF1,0.23,trt_oe
CASP9,0.23,trt_sh
GFPT1,0.23,trt_sh
RPA3,0.24,trt_sh
POLB,0.24,trt_sh
ARHGEF2,0.24,trt_sh
COASY,0.24,trt_sh
TSPAN8,0.24,trt_sh
CDK9,0.25,trt_sh
MSRB2,0.25,trt_sh
EIF4A2,0.25,trt_sh
MAGI3,0.26,trt_sh
CHRM3,0.26,trt_sh
IRGM,0.26,trt_sh
ERCC5,0.26,trt_sh
FLT1,0.26,trt_sh
RXRA,0.26,trt_sh
CEBPA,0.26,trt_sh
SP110,0.27,trt_oe
SH3GL1,0.27,trt_sh
SUZ12,0.27,trt_sh
HSP90B1,0.27,trt_sh
ABCC10,0.28,trt_sh
AIMP2,0.28,trt_sh
GMDS,0.28,trt_sh
TLR8,0.28,trt_sh
GATA2,0.29,trt_oe
CSNK1G2,0.29,trt_sh
EXT1,0.29,trt_sh
EPHB4,0.31,trt_sh
TUBB3,0.31,trt_sh
ATF2,0.31,trt_oe
LCN2,0.31,trt_sh
BMPR2,0.32,trt_sh
MAPK13,0.32,trt_sh
CYB5R3,0.32,trt_sh
CROT,0.32,trt_sh
AK2,0.33,trt_sh
SLC35A1,0.33,trt_sh
PPP3CA,0.33,trt_sh
FGFR2,0.33,trt_sh
RNF123,0.34,trt_sh
PLK3,0.34,trt_sh
SH3BP4,0.34,trt_sh
PRKDC,0.35,trt_sh
PREP,0.35,trt_sh
IRS1,0.35,trt_sh
RET,0.35,trt_sh
ANKRD55,0.35,trt_sh
KAT6B,0.36,trt_sh
NUDT9,0.37,trt_sh
BRD-K36620425,0.37,trt_cp
BRD-K23073505,0.37,trt_cp
SLC25A4,0.37,trt_sh
LSS,0.37,trt_sh
FAH,0.38,trt_sh
TYMS,0.38,trt_sh
MSX1,0.38,trt_sh
PDPK1,0.39,trt_sh
EIF2AK2,0.39,trt_oe
PRKACA,0.39,trt_sh
POR,0.39,trt_sh
PURA,0.39,trt_sh
AIRE,0.4,trt_sh
TGFB1,0.4,trt_sh
GSTP1,0.41,trt_sh
BMPR1A,0.41,trt_sh
SET,0.41,trt_sh
CDT1,0.41,trt_sh
BCL9,0.41,trt_sh
SQLE,0.42,trt_sh
ARHGAP1,0.42,trt_sh
ETS1,0.42,trt_sh
ST13,0.42,trt_sh
BRD-K47128441,0.42,trt_cp
P4HA2,0.42,trt_sh
SPDEF,0.42,trt_sh
RALB,0.43,trt_sh
TGFBR2,0.43,trt_sh
RAC1,0.43,trt_sh
UCKL1,0.43,trt_sh
benzbromarone,0.43,trt_cp
BRD-K77987635,0.44,trt_cp
CAMK1G,0.45,trt_sh
AXL,0.45,trt_sh
NF2,0.46,trt_sh
ADRA2C,0.46,trt_sh
HDAC1,0.46,trt_sh
OAT,0.46,trt_sh
PANK4,0.46,trt_sh
C19ORF10,0.46,trt_sh
MTHFD1,0.46,trt_sh
PTEN,0.47,trt_sh
NSD1,0.47,trt_sh
EIF2B2,0.47,trt_sh
SLC16A1,0.47,trt_sh
LHPP,0.48,trt_sh
RPL7,0.48,trt_sh
FGFR3,0.49,trt_sh
SLK,0.49,trt_sh
FURIN,0.49,trt_sh
GW-6471,0.5,trt_cp
CDK1,0.5,trt_sh
POLE2,0.5,trt_sh
XRCC6BP1,0.5,trt_sh
BMI1,0.51,trt_sh
BRD-K51592837,0.51,trt_cp
DLD,0.51,trt_sh
ABCF2,0.52,trt_sh
TAGAP,0.52,trt_sh
TCF3,0.52,trt_sh
MAP3K8,0.52,trt_sh
AKR1C3,0.52,trt_sh
CD24,0.53,trt_sh
HK1,0.53,trt_sh
PNCK,0.53,trt_sh
CHN1,0.53,trt_sh
ADSS,0.53,trt_sh
RDBP,0.53,trt_sh
EIF4E,0.54,trt_sh
BRD-K38553273,0.54,trt_cp
ADCK3,0.54,trt_sh
TFCP2,0.54,trt_oe
MPL,0.54,trt_sh
TNFRSF21,0.55,trt_sh
CD83,0.55,trt_sh
BRD-A37501891,0.55,trt_cp
COX7B,0.56,trt_sh
CHEK1,0.57,trt_sh
FYN,0.58,trt_sh
TPMT,0.58,trt_sh
SMARCB1,0.58,trt_sh
PBK,0.59,trt_sh
STAM,0.59,trt_sh
ALDH9A1,0.59,trt_sh
SIAH1,0.59,trt_sh
NFE2L2,0.6,trt_oe
SIRPG,0.6,trt_sh
BLVRB,0.61,trt_sh
CD19,0.61,trt_sh
CARD9,0.61,trt_sh
SIK1,0.62,trt_sh
SCYL1,0.63,trt_sh
BRD-K79826210,0.63,trt_cp
CDH1,0.64,trt_sh
DMTF1,0.64,trt_oe
BRD-K95118263,0.64,trt_cp
NAE1,0.65,trt_sh
ALDH6A1,0.65,trt_sh
TLE1,0.65,trt_sh
DCK,0.67,trt_sh
BRD-K52904470,0.67,trt_cp
FLI1,0.68,trt_oe
CTRB2,0.68,trt_sh
TGFA,0.68,trt_lig
ST3GAL5,0.68,trt_sh
NQO1,0.69,trt_sh
ITSN1,0.69,trt_sh
CDKL4,0.7,trt_sh
ADAR,0.7,trt_sh
EIF4B,0.7,trt_sh
UQCRFS1,0.71,trt_sh
ZBTB46,0.72,trt_oe
USP12,0.72,trt_sh
RALBP1,0.72,trt_sh
STAM2,0.72,trt_sh
E2F6,0.72,trt_sh
CSNK1D,0.72,trt_sh
SMAD4,0.72,trt_oe
HINT1,0.73,trt_sh
FGGY,0.73,trt_sh
AES,0.73,trt_sh
RELA,0.73,trt_oe
PREB,0.73,trt_sh
CDK2,0.73,trt_sh
GK5,0.74,trt_sh
MED28,0.75,trt_sh
TIMP1,0.76,trt_sh
LRRK2,0.76,trt_sh
MB,0.76,trt_sh
PLXNA3,0.76,trt_sh
FADD,0.76,trt_sh
SOAT1,0.76,trt_sh
EIF2AK4,0.76,trt_sh
BRD-A35769934,0.77,trt_cp
RAD9A,0.77,trt_sh
BRD2,0.77,trt_sh
AP4S1,0.78,trt_sh
VKORC1,0.78,trt_sh
LYN,0.78,trt_sh
DHRS7,0.78,trt_sh
CALM2,0.79,trt_sh
MGAT4A,0.79,trt_sh
DCPS,0.79,trt_sh
ACDPP,0.8,trt_cp
UBE2D1,0.81,trt_sh
WTAP,0.82,trt_sh
AKAP9,0.82,trt_sh
SCAP,0.82,trt_sh
BRD-K21994180,0.83,trt_cp
C1ORF106,0.83,trt_sh
GSS,0.84,trt_sh
NR2C1,0.85,trt_oe
BTK,0.85,trt_sh
ARAF,0.86,trt_sh
CALM1,0.86,trt_sh
ABCD3,0.86,trt_sh
CALM3,0.87,trt_sh
GSTZ1,0.87,trt_sh
BRD-K05174693,0.87,trt_cp
AMIGO3,0.87,trt_sh
DYRK1A,0.87,trt_sh
AK1,0.87,trt_sh
BRD-K50777342,0.88,trt_cp
TNFSF4,0.89,trt_sh
HMGCS1,0.91,trt_sh
TNIP1,0.91,trt_sh
RPA1,0.92,trt_sh
MYCL1,0.92,trt_sh
ESR2,0.92,trt_oe
GATA1,0.92,trt_sh
EPHA2,0.92,trt_sh
POLR3B,0.93,trt_sh
EIF2B3,0.93,trt_sh
PMS1,0.94,trt_sh
E2F1,0.94,trt_sh
GALE,0.95,trt_sh
LDHA,0.95,trt_sh
CISH,0.96,trt_sh
EIF4EBP1,0.97,trt_sh
KDR,0.98,trt_sh
PLK1,0.99,trt_sh
LOC392265,0.99,trt_sh
PKIG,1.01,trt_sh
FBXO5,1.05,trt_sh
CTTN,1.05,trt_sh
SMAD1,1.07,trt_oe
ACADM,1.08,trt_sh
ADH5,1.12,trt_sh
MFHAS1,1.13,trt_sh
PGM1,1.13,trt_sh
IARS2,1.14,trt_sh
BRD-K34394296,1.14,trt_cp
MECP2,1.16,trt_sh
CDK8,1.17,trt_sh
BRD-K31788299,1.18,trt_cp
EPRS,1.19,trt_sh
PIK3R1,1.19,trt_sh
PRKAR1A,1.2,trt_sh
AGK,1.2,trt_sh
RPIA,1.21,trt_sh
SC5DL,1.22,trt_sh
PNP,1.22,trt_sh
ATIC,1.24,trt_sh
PLAUR,1.24,trt_sh
LIMK2,1.29,trt_sh
MLST8,1.29,trt_sh
MXI1,1.3,trt_oe
PRKCA,1.31,trt_sh
NNC-55-0396,1.34,trt_cp
DHFR,1.35,trt_sh
TCEA1,1.37,trt_sh
LOC390877,1.37,trt_sh
PHKB,1.48,trt_sh
GPR65,1.49,trt_sh
BRD-K12450081,1.5,trt_cp
STK24,1.54,trt_sh
HIPK4,1.55,trt_sh
TCEB3,1.58,trt_oe
EEF2K,1.64,trt_sh
CDK11B,1.68,trt_sh
MGLL,1.68,trt_sh
HS3ST3A1,1.68,trt_sh
LDHB,1.77,trt_sh
BRD-K76005220,2.35,trt_cp
