module,n_genes,corr_Morphine,p_Morphine,corr_NP,p_NP,corr_Control,p_Control
76,1,-0.3598,0.05083877242815556,0.51,0.003989838754598863,-0.2231,0.2359335670513656
26,1,0.3018,0.10499908864591745,-0.4416,0.014574539929419181,0.2021,0.284117332015713
82,1,-0.2097,0.2660762485963453,0.4193,0.021092378952501514,-0.2629,0.16040906348315798
43,1,-0.0828,0.6634213632345575,0.4137,0.02306115256207108,-0.3739,0.0418084524201366
23,1,0.0181,0.9243744438565901,-0.402,0.027674970041837475,0.4209,0.02055195801126806
74,291,0.0937,0.6224225396949481,-0.4015,0.027865195372966466,0.3506,0.057468484719291474
85,1,0.058,0.7609650774410595,-0.3883,0.03399113084629743,0.3692,0.04466911938871522
22,3,0.3439,0.06276238607707442,-0.3636,0.048231405888342856,0.0785,0.6802376970331891
29,1,0.326,0.0787230668536092,-0.3634,0.04839201716695747,0.0947,0.6185498807897645
1,1,-0.0689,0.717346763499434,-0.344,0.06268533806101959,0.4381,0.015448671826186432
3,1,0.2798,0.13425524269605538,-0.3418,0.06446466542053939,0.1139,0.5489492010724899
21,1,-0.0843,0.6578348607937795,-0.3268,0.07798171015920313,0.4336,0.016689736425787798
84,1,-0.1021,0.5911778337156343,-0.3264,0.07832450139832639,0.4496,0.012670576248180734
8,1,0.056,0.7688706162214897,-0.3022,0.1045330706105512,0.2774,0.13784426840540404
5,1,0.1617,0.3932996099013575,-0.2789,0.13558448477885746,0.1544,0.4153320751613685
28,1,0.1495,0.430370967590617,0.271,0.14743675010567553,-0.433,0.016832748880239157
13,3,0.1235,0.5155120858166118,0.2709,0.14767142305632272,-0.4089,0.024864425157389
37,1,-0.2381,0.20511792811019985,0.2679,0.1523606592737148,-0.0719,0.7058718091232632
71,441,-0.0965,0.6121398650021597,0.2636,0.15933281097091284,-0.1979,0.29445545712145105
32,1,0.1509,0.42601729259375554,-0.261,0.1636105379351236,0.1448,0.44506344074432247
44,1,0.483,0.006860812466765119,-0.2492,0.18409821628717515,-0.1744,0.3565696948103815
48,1,-0.5388,0.002125346014482947,0.2405,0.2005144183152755,0.2355,0.21025527839222316
88,1,-0.2778,0.13717755100583115,0.2353,0.2107057507191098,0.0003,0.9989393164697513
36,2,-0.051,0.7889021970332496,0.2341,0.2130517471160513,-0.2078,0.2705412138488342
45,1,-0.1375,0.468841202510097,-0.2247,0.23257145109697103,0.3715,0.04325239444517075
65,1,0.2057,0.27546342801372026,-0.2238,0.2344392552610689,0.0538,0.7776456319581433
70,1,-0.0218,0.9089169282683279,-0.2237,0.23468786817726406,0.2637,0.1591624968065969
34,1,-0.1061,0.5767165449777667,0.2131,0.2583116415050039,-0.134,0.48025818794105013
53,1,-0.0598,0.7536524698763651,0.205,0.277195866354472,-0.168,0.3749149490616192
68,2,-0.23,0.2214247956679064,0.2047,0.27778795009028967,-0.0106,0.955646639249182
2,1,-0.1699,0.36936343964783214,-0.1918,0.30997006548779243,0.3656,0.046938680770010635
38,2,-0.1095,0.5644983988068881,0.1748,0.3555625293921414,-0.0892,0.6392494573929632
51,1,0.3366,0.06894338807313723,-0.1737,0.3586271638907263,-0.1216,0.5222164354880925
67,1,-0.0291,0.8785223942927152,-0.1703,0.3681624339580597,0.2123,0.2599691027447394
15,1,-0.0463,0.8080690040592657,0.1663,0.3798799761697066,-0.1383,0.4661708511075292
59,1,0.239,0.20329155236375462,-0.1638,0.3870056584758339,-0.0423,0.8244466823123029
80,1,-0.1743,0.3568138917259408,-0.1603,0.39751606198090655,0.3354,0.06999831357853813
42,1,-0.0149,0.9375390780031951,-0.1583,0.40356826036364324,0.1861,0.3248565068346446
41,1,0.1388,0.46462874862793163,-0.1528,0.42017701850257605,0.0383,0.840813178483427
4,3,-0.0333,0.8612670858229425,-0.1521,0.42232954171311876,0.1963,0.29841214209269684
27,1,0.1816,0.33681478193425474,-0.1519,0.4229293115499262,-0.0022,0.990616270113854
60,1,-0.0496,0.7945701491121604,-0.1468,0.43900190588382093,0.2056,0.2758101822885592
12,1,0.0123,0.9486505354432004,0.1417,0.4550667040240134,-0.1656,0.38178778226415355
47,1,0.0647,0.7339658284939471,-0.1402,0.4598498119286071,0.0929,0.6253010040296829
33,1,-0.0669,0.7253824936605591,0.131,0.4901459738543345,-0.0809,0.6709376165189305
35,1,-0.2111,0.2627945676887812,-0.1281,0.49976629362872915,0.3343,0.07093944005564054
17,1,-0.068,0.7212228787158508,0.126,0.5069566025505512,-0.0745,0.6957081336751877
58,1,-0.1244,0.5123651662080072,0.1227,0.5182566199059806,-0.0187,0.9216711736532941
72,1,-0.2755,0.14064564274380942,0.1153,0.5441061214060127,0.1287,0.4977420370818958
52,1,0.2109,0.2632522039816002,-0.1145,0.546881604186817,-0.07,0.7131407063685544
16,1,0.0091,0.9617799085709551,0.1138,0.5492864251203359,-0.1323,0.4857389127802219
75,1,-0.1097,0.5638667192018196,0.1133,0.5511701179152615,-0.0221,0.9078614681333415
83,1,0.1477,0.4359381247691052,0.1128,0.5529213241223224,-0.2591,0.16673326855564147
64,1,-0.0824,0.6650264072900505,0.1069,0.5741217129610795,-0.0403,0.8327285916593373
7,1,0.0333,0.8614309383695875,-0.1029,0.5886025218440518,0.0813,0.6694540841617604
18,1,0.042,0.8257570085509527,0.1014,0.5938579761713634,-0.1491,0.43154941547940284
6,1,-0.2318,0.21766547690325777,0.0988,0.6033916846370856,0.1064,0.5757565366128161
39,1,-0.018,0.9249156156778509,-0.0952,0.6167634677623253,0.1202,0.5268310060946297
62,1,0.1645,0.38499960650863607,0.0945,0.6192619385750543,-0.2548,0.17427698084309998
49,1,0.0551,0.7724012576251458,-0.0904,0.6347255098968247,0.0476,0.8029440111988179
10,1,0.223,0.23628974633893493,-0.0863,0.6500982718078561,-0.1118,0.5564173467241393
86,1,-0.1302,0.4930199730682781,0.0854,0.653825566070365,0.0272,0.8865234362341603
55,1238,-0.4036,0.02700513155497932,0.0787,0.6792674207007542,0.2868,0.12443256975340461
63,1,-0.1561,0.4101563168397342,0.0765,0.6878879117886161,0.0608,0.7496608265635978
66,1,-0.0987,0.6039845894969746,0.0744,0.6958636746301314,0.01,0.958073084471396
69,521,0.2933,0.11572651038691491,-0.0733,0.700179143510224,-0.1909,0.3123423466204076
73,1,-0.0634,0.739393653195699,0.0729,0.7018428226496242,-0.0209,0.9127947103854577
25,1,-0.1597,0.39934326219078153,0.0723,0.704198127443316,0.0687,0.7184713792975134
31,1,0.0197,0.9176877760106873,-0.0639,0.7370912056500143,0.0514,0.787236489780688
56,1,-0.1453,0.4437673093812393,0.062,0.744711940339881,0.0665,0.7268471414204664
50,2,-0.0213,0.911081637398551,0.0609,0.7492351792979788,-0.0466,0.8066582700264404
77,1,0.041,0.8296752931605882,0.0602,0.7521601486909818,-0.1033,0.586854700228017
24,1,0.0336,0.8600158417935861,-0.0394,0.8361587906149444,0.0119,0.9502931361931279
14,1,-0.1275,0.5020202252260704,0.038,0.8421535785656923,0.0763,0.6884733419065862
20,1,0.0829,0.6632257135441317,0.0346,0.8560306740512008,-0.1142,0.5480749595134988
87,470,0.2901,0.11990994422368982,-0.0305,0.8728110605312378,-0.2345,0.21220739818949425
30,1,0.2528,0.17765336088198697,-0.0304,0.8733255398571338,-0.2003,0.28864394189293063
40,1,0.1449,0.4449648965656048,0.0256,0.8932685248738816,-0.1616,0.39370234814137717
78,1,-0.0134,0.9440935001040659,0.0233,0.9025404080826231,-0.0131,0.9453285987459337
9,1,-0.1197,0.5285557056052811,0.0195,0.918488538245731,0.0893,0.6389991069923372
79,1,0.4256,0.019046405356603725,-0.0158,0.9337818186269009,-0.3755,0.040850671181231514
19,2,0.371,0.04357396963421814,-0.0155,0.9351965016890964,-0.3255,0.07921313920127163
11,1,-0.1983,0.2934142500066854,-0.0143,0.9403918107662679,0.1986,0.2928150460535153
54,1,0.0437,0.8185215668331614,-0.0131,0.9453271093257252,-0.0261,0.8910000709415618
61,1,-0.1211,0.5237914031965086,0.0128,0.9465390865161527,0.0979,0.6069257029999284
57,1,0.0033,0.9863337478605663,-0.0109,0.9545834697663717,0.0088,0.9631578249106155
81,1,0.1486,0.43307107428704616,0.0052,0.9781351238584168,-0.1429,0.45131082754431084
46,1,-0.3474,0.06000823950797051,-0.0041,0.9827620128217034,0.3251,0.07963097419291208
