gene,module
0610040J01Rik,71
1110032A03Rik,87
1110059E24Rik,55
1190002F15Rik,69
1600010M07Rik,55
1600012H06Rik,71
1700012D14Rik,1
1700017B05Rik,55
1700025G04Rik,69
1810011H11Rik,55
1810011O10Rik,55
1810055G02Rik,74
2010315B03Rik,71
2310047M10Rik,55
2310067B10Rik,55
2410006H16Rik,55
2610001J05Rik,55
2610035D17Rik,55
2610318N02Rik,69
2610507B11Rik,55
2610524H06Rik,69
2700029M09Rik,71
2700094K13Rik,71
2810004N23Rik,69
2810013P06Rik,55
2810408I11Rik,69
2810417H13Rik,69
3110039I08Rik,87
3110052M02Rik,71
3632451O06Rik,87
4632427E13Rik,87
4632428N05Rik,71
4930404N11Rik,2
4930427A07Rik,69
4930481A15Rik,55
4930579G24Rik,69
4933404O12Rik,69
4933431G14Rik,3
4933434E20Rik,55
5031439G07Rik,55
5330434G04Rik,87
5430427O19Rik,71
6330407A03Rik,4
6430548M08Rik,74
9330133O14Rik,71
9330159F19Rik,87
9530059O14Rik,87
A230057D06Rik,87
A430078G23Rik,74
A530064D06Rik,74
A530088E08Rik,55
A630033H20Rik,87
AF251705,55
AI413582,55
AI414108,87
AI504432,69
AI506816,5
AI593442,87
AI607873,55
AI837181,55
AI987944,71
AU041133,71
AW112010,55
AW146154,6
AW549877,55
Aaas,69
Aacs,55
Aars,55
Aarsd1,69
Abat,87
Abca1,71
Abca9,55
Abcb8,55
Abcb9,55
Abcc1,55
Abcc8,87
Abcf2,55
Abcg1,71
Abcg4,87
Abhd15,71
Abhd16a,55
Abhd6,55
Abhd8,55
Ablim2,87
Abtb1,74
Abtb2,74
Acadvl,55
Acap1,74
Acat1,69
Acat2,55
Ace,74
Ackr1,87
Aco2,55
Acot11,55
Acot7,69
Acpp,74
Acsl1,74
Acsl3,55
Acsl5,55
Acsl6,87
Actn1,74
Actn4,55
Acvr2a,55
Acvr2b,7
Adam11,87
Adam15,55
Adam19,74
Adam22,87
Adam23,87
Adam8,74
Adamts1,55
Adamts16,55
Adamtsl4,74
Adap1,55
Adar,55
Adck3,71
Adcy1,87
Adcy3,55
Adcy5,87
Add2,87
Adgra2,55
Adgrb1,87
Adgrb2,87
Adgre5,74
Adgrl1,69
Adipor1,74
Adora1,55
Adpgk,74
Adprm,55
Adrb1,55
Adrb2,71
Adssl1,74
Adtrp,8
Aes,55
Afg3l1,55
Afg3l2,55
Aftph,55
Agap1,55
Agfg2,55
Agmo,71
Ago4,55
Agpat2,74
Agpat5,55
Agrn,55
Agt,87
Ahctf1,55
Ahcy,69
Ahnak,87
Aifm1,55
Aifm3,87
Ak2,69
Akap6,87
Aktip,71
Alad,71
Aldh18a1,55
Aldh1l2,55
Aldh2,74
Aldh3b1,74
Aldh7a1,71
Alg14,9
Alg8,55
Alms1,69
Als2,55
Alyref,55
Amer2,71
Ampd3,55
Amph,87
Amy1,87
Amz1,55
Anapc1,55
Anapc11,55
Anapc5,69
Ang,55
Ank1,87
Ank3,87
Ankle1,69
Ankrd32,55
Ankrd35,87
Ankrd39,71
Ankrd44,55
Anln,69
Anp32b,69
Anp32e,55
Antxr2,74
Anxa11,74
Anxa2,74
Anxa3,55
Aoah,74
Ap1b1,71
Ap1s1,69
Ap1s2,71
Ap2a1,55
Ap2m1,55
Ap3b2,87
Ap3s1,71
Ap5b1,55
Apc2,87
Apitd1,69
Aplf,71
Aplp1,87
Apmap,55
Apod,87
Apoe,10
Aptx,71
Aqp4,87
Aqp9,74
Araf,71
Arf6,55
Arg2,74
Arhgap11a,55
Arhgap12,71
Arhgap18,55
Arhgap19,69
Arhgap21,55
Arhgap22,71
Arhgap26,74
Arhgap33,69
Arhgap35,55
Arhgdia,55
Arhgef17,87
Arhgef3,55
Arhgef39,69
Arid3a,55
Arid3b,71
Arl11,55
Arl6ip1,69
Armc6,55
Arpc1b,71
Arpc5,74
Arrdc3,71
Arsg,36
Arsk,71
Asah1,71
Asb13,71
Asf1b,69
Asic1,87
Asic2,87
Asns,55
Aspm,69
Asprv1,74
Atad2,69
Atad3a,55
Atad5,69
Atcay,87
Atf6b,55
Atg12,87
Atg14,55
Atg2b,55
Atg5,11
Atg9a,55
Atp10a,69
Atp11b,55
Atp11c,55
Atp13a2,55
Atp1a1,71
Atp1a3,87
Atp1b1,87
Atp2a2,55
Atp2a3,74
Atp2b2,87
Atp2b3,87
Atp5f1,71
Atp5g1,71
Atp6v0a2,55
Atp6v0b,55
Atp6v0d1,55
Atp6v1f,55
Atp8a2,71
Atp8b4,74
Atp9a,87
Atraid,55
Atxn7l3b,71
Aunip,69
Aurka,69
Aurkb,69
Azi2,87
B130006D01Rik,4
B2m,55
B3galnt1,71
B3galt4,55
B3galt6,55
B3gat1,87
B3gnt2,55
B3gnt7,55
B430306N03Rik,74
B4galnt1,55
B4galnt4,87
B4galt5,55
B630005N14Rik,55
B930041F14Rik,55
BC004004,71
BC017643,71
BC028528,55
BC030867,69
BC035044,55
BC055324,69
Bach1,87
Bach2,71
Bag1,71
Banf1,71
Bard1,69
Basp1,55
Batf,71
Baz1b,55
Bbip1,55
Bcan,87
Bckdha,55
Bcl10,71
Bcl2a1a,55
Bcl2a1b,55
Bcl2l1,71
Bcl3,55
Bcl6,74
Bco2,71
Bend3,55
Bend6,71
Bet1l,55
Bhlhe40,55
Bicd1,87
Bin2,71
Birc2,74
Birc3,74
Birc5,69
Blm,69
Blnk,71
Blvrb,55
Bmf,71
Bmp1,55
Bms1,55
Bmx,74
Bnip3,71
Bnip3l,69
Bop1,55
Bora,69
Bpnt1,55
Brca1,69
Brca2,69
Brcc3,71
Bri3,55
Brinp1,87
Brip1,69
Brip1os,69
Brsk2,87
Bsdc1,71
Bst1,74
Btg1,74
Btg2,71
Bub1,69
Bub1b,69
Bub3,69
Bysl,55
Bzrap1,87
C1d,55
C1qb,55
C2cd3,55
C3,74
C330018D20Rik,71
C330027C09Rik,69
C3ar1,55
C4b,55
C5ar1,55
C920025E04Rik,12
Cabp1,87
Cacna1b,87
Cacna1g,87
Cacna2d3,87
Cacnb2,55
Cad,55
Calcoco1,69
Calcrl,55
Calm1,69
Calm3,55
Camk1,55
Camk2b,55
Camkv,87
Capn1,74
Capn2,55
Card6,71
Carkd,55
Casc5,69
Caskin1,87
Casp3,13
Casp7,69
Casp8ap2,69
Cav2,87
Cbr2,55
Cbx1,71
Cbx2,69
Cbx3,69
Cbx5,69
Cbx6,55
Cbx7,71
Ccdc109b,55
Ccdc125,74
Ccdc127,55
Ccdc136,87
Ccdc138,69
Ccdc14,69
Ccdc17,55
Ccdc18,69
Ccdc186,71
Ccdc25,71
Ccdc34,71
Ccdc36,69
Ccdc82,55
Ccdc86,55
Ccdc88a,69
Ccdc88c,74
Ccdc92,87
Ccdc93,55
Cchcr1,69
Ccl12,55
Ccl2,55
Ccl5,69
Ccl6,55
Ccl7,55
Ccl9,55
Ccna2,69
Ccnb1,69
Ccnb2,69
Ccnd1,55
Ccndbp1,87
Ccne1,69
Ccne2,69
Ccnf,69
Ccng2,55
Ccp110,69
Ccr1,74
Ccr2,74
Ccsap,69
Cct3,55
Cct6a,55
Cct8,55
Cd14,71
Cd163,13
Cd177,74
Cd180,55
Cd200r1,71
Cd200r4,55
Cd22,55
Cd276,55
Cd300a,69
Cd300lb,74
Cd300lf,74
Cd300lg,74
Cd302,55
Cd33,55
Cd36,69
Cd37,55
Cd44,74
Cd47,74
Cd48,55
Cd53,71
Cd63,71
Cd72,55
Cd82,71
Cd83,71
Cd84,71
Cd86,71
Cd9,55
Cd93,74
Cd99l2,55
Cdc20,69
Cdc25a,55
Cdc25b,69
Cdc25c,69
Cdc27,55
Cdc42bpa,55
Cdc42ep3,74
Cdc45,69
Cdc6,69
Cdc7,69
Cdca2,69
Cdca3,69
Cdca4,69
Cdca5,69
Cdca7,69
Cdca7l,69
Cdca8,69
Cdh2,87
Cdh22,87
Cdip1,71
Cdk1,69
Cdk2,69
Cdk2ap1,55
Cdk4,71
Cdk5rap2,55
Cdkn1a,71
Cdkn1c,55
Cdkn2aipnl,69
Cdkn2c,69
Cdkn2d,69
Cdkn3,69
Cdr2,55
Cdt1,69
Cdv3,55
Ceacam1,74
Ceacam10,74
Cebpa,14
Cebpe,74
Cebpg,15
Cela1,16
Celsr2,87
Celsr3,87
Cenpa,69
Cenpc1,69
Cenpe,69
Cenpf,69
Cenph,69
Cenpi,69
Cenpj,69
Cenpk,69
Cenpl,69
Cenpm,69
Cenpn,69
Cenpp,69
Cenpq,71
Cenpt,55
Cenpu,69
Cenpw,69
Cep128,69
Cep192,55
Cep250,55
Cep55,69
Cep57,71
Cep57l1,69
Cep68,55
Cep72,69
Cep76,69
Cep78,55
Cep83,69
Cep89,69
Cept1,71
Cers4,87
Ces2g,74
Cfb,55
Cflar,71
Cfp,74
Cgn,71
Chaf1a,69
Chaf1b,69
Chchd4,74
Chd1,55
Chd3os,55
Chd5,87
Chdh,74
Chek1,69
Chek2,69
Chga,87
Chgb,87
Chml,55
Chmp1b,55
Chpf,87
Chrd,87
Chrna4,87
Chst1,55
Chst15,55
Chst2,55
Chtf18,69
Churc1,55
Cib1,55
Cib2,55
Cisd1,71
Cit,69
Ckap2,69
Ckap2l,69
Ckap4,55
Ckap5,55
Cklf,55
Ckmt1,87
Cks1b,69
Cks2,71
Clasp1,55
Clcn4-2,55
Cldn10,87
Clec2l,69
Clec4a2,55
Clec4a3,55
Clec4e,74
Clec7a,71
Clic4,55
Clip3,87
Cln3,71
Cln6,69
Clns1a,55
Clspn,69
Clstn3,87
Cltb,71
Clu,87
Cluh,55
Cmc2,71
Cmpk2,74
Cmtm5,87
Cnbp,55
Cnep1r1,71
Cnih1,71
Cnih4,55
Cnn2,74
Cnnm1,87
Cnnm4,87
Cnot1,55
Cnot6l,55
Cnot8,71
Cnr1,87
Cnr2,55
Cntln,69
Cntn1,87
Cntn2,87
Cntn6,87
Cntrob,69
Coa4,55
Cog8,55
Col16a1,87
Col19a1,87
Col26a1,87
Col3a1,87
Col4a1,87
Col5a2,87
Col6a1,87
Colgalt1,55
Commd6,55
Comp,17
Comt,55
Cops3,71
Cops4,55
Cops5,71
Coq7,18
Coro1a,71
Coro1b,71
Coro1c,55
Coro6,87
Cox18,71
Cox5a,71
Cox7a2l,55
Cox7b,55
Cpd,55
Cpeb1,87
Cplx1,87
Cpne2,74
Cpne6,87
Cpsf3l,71
Cpt1c,87
Cr1l,55
Crat,55
Crbn,71
Crebrf,71
Creg1,71
Creld2,55
Crhr1,87
Cript,55
Crk,55
Crmp1,87
Crocc,55
Crot,55
Crtac1,87
Crybb1,55
Crybg3,55
Cryl1,55
Cryzl1,71
Cse1l,55
Csf3r,71
Csmd2,87
Cspg5,87
Csrnp1,55
Csrp1,69
Cst3,55
Cst7,19
Cstf1,55
Cstf2,55
Ctbp1,55
Ctc1,71
Ctdspl,69
Ctla2b,55
Ctnna1,55
Ctps,55
Ctsb,55
Ctsd,71
Ctsf,71
Ctsh,55
Ctsl,20
Ctso,71
Ctss,69
Cttn,87
Cttnbp2,87
Cx3cl1,87
Cxcl10,55
Cxcl13,55
Cxcr2,74
Cyb561a3,55
Cyb561d1,71
Cyb5a,55
Cyb5b,55
Cyb5r1,71
Cyba,55
Cybb,74
Cycs,71
Cyfip2,74
Cyp2d22,87
Cyp4f13,71
Cyp4f18,74
Cyp4v3,71
Cyp51,69
Cytip,74
D130043K22Rik,87
D17H6S56E-5,55
D19Bwg1357e,55
D2Wsu81e,55
D330023K18Rik,71
D330045A20Rik,69
D430020J02Rik,69
D430041D05Rik,87
D5Ertd579e,55
D830031N03Rik,21
D930015E06Rik,55
Dach1,74
Dars2,55
Dazap1,55
Dbf4,69
Dbn1,87
Dbndd2,55
Dcaf11,55
Dcbld2,69
Dck,69
Dclk1,87
Dclre1a,69
Dcn,87
Dctd,69
Dctn1,55
Dctn5,55
Dctpp1,55
Dcxr,55
Ddah2,71
Ddb1,55
Ddias,69
Ddit4,22
Ddr1,87
Ddx1,55
Ddx11,69
Ddx18,71
Ddx21,55
Ddx25,87
Ddx27,55
Ddx39,69
Ddx56,55
Ddx58,55
Ddx60,74
Dedd,87
Dek,71
Dennd3,74
Depdc1a,69
Depdc1b,69
Deptor,71
Dfna5,74
Dgat1,74
Dgat2,74
Dgcr8,55
Dgka,71
Dgkd,55
Dgkg,74
Dguok,55
Dhcr24,69
Dhdds,55
Dhfr,69
Dhrs3,71
Dhrs4,71
Dhrs7,74
Dhx29,55
Dhx32,55
Dhx37,55
Diap3,69
Dirc2,55
Dis3,55
Disp2,87
Dkc1,55
Dkk3,87
Dleu2,55
Dlg5,87
Dlgap1,87
Dlgap5,69
Dna2,55
Dnaaf2,71
Dnaaf5,55
Dnaja4,55
Dnajb11,55
Dnajb9,55
Dnajc10,55
Dnajc19,55
Dnajc2,71
Dnajc9,69
Dnase1l1,71
Dnase2a,69
Dnm1,87
Dnm1l,55
Dnmt1,55
Dnph1,69
Dock1,55
Dock3,87
Dock5,74
Donson,69
Dpcd,71
Dpep2,74
Dpp6,87
Dpp7,55
Dpysl2,55
Dpysl4,87
Dram1,74
Dram2,71
Drosha,55
Dscam,87
Dscc1,69
Dsn1,69
Dstn,74
Dtl,69
Dtnb,55
Dtx1,87
Dtymk,71
Dusp1,74
Dusp12,55
Dusp15,87
Dusp6,71
Dusp8,87
Dut,69
Dynlt1a,69
Dynlt3,71
Dyrk1b,71
Dzank1,87
Dzip1,87
E130012A19Rik,55
E130309D02Rik,55
E2f1,69
E2f2,69
E2f6,55
E2f7,69
E2f8,69
E430025E21Rik,55
Ear1,23
Ebna1bp2,24
Ece2,71
Ech1,25
Ecm1,74
Ect2,69
Eea1,69
Eef1a1,71
Eef1a2,87
Eef1b2,55
Eef1e1,71
Eef1g,69
Eef2k,71
Eefsec,55
Efcab11,69
Efr3b,87
Eftud2,55
Egr1,26
Egr2,74
Ehd1,74
Eif1ad,69
Eif1ax,69
Eif2b5,71
Eif2s1,69
Eif3a,55
Eif3b,55
Eif3g,71
Eif3h,71
Eif4a1,71
Eif4e,55
Eif4g1,55
Eif5a,69
Elac2,55
Elane,74
Elavl3,87
Eldr,69
Elmo2,55
Elmod1,87
Elovl1,55
Emb,74
Emc4,55
Emilin1,55
Emilin2,74
Emp3,69
Enah,87
Engase,55
Enkd1,69
Eno2,87
Enpp1,55
Enpp2,87
Epb4.1l1,87
Epb4.1l2,55
Epb4.1l3,55
Epha2,55
Ephb6,87
Ephx1,69
Eprs,55
Eps8l1,71
Ercc5,55
Ercc6l,69
Erh,71
Eri1,55
Eri2,69
Ermp1,55
Ero1l,74
Esco2,69
Espl1,69
Ethe1,27
Ets2,55
Etv1,71
Etv4,87
Evc,87
Evi5,28
Exo1,69
Exosc10,55
Exosc2,55
Exosc6,71
Ezh1,55
Ezh2,69
Ezr,74
F10,74
F11r,55
F13a1,74
F5,74
F9,71
Faah,87
Faap24,55
Fads2,69
Faf1,55
Faim2,87
Fam101b,74
Fam105a,71
Fam111a,69
Fam120b,71
Fam129b,55
Fam136a,55
Fam160a2,74
Fam168a,74
Fam171a1,55
Fam171a2,87
Fam174a,55
Fam195b,55
Fam198b,69
Fam208a,29
Fam210a,30
Fam43a,19
Fam46a,55
Fam53b,55
Fam63b,55
Fam64a,69
Fam65a,55
Fam65b,74
Fam83d,69
Fam96a,69
Fanca,69
Fancb,69
Fancd2,69
Fancg,55
Fanci,69
Fancm,69
Farp1,55
Farsa,55
Farsb,55
Fasn,55
Fat1,55
Fat3,55
Fau,55
Fbl,87
Fblim1,71
Fbln1,55
Fbrsl1,55
Fbxl16,87
Fbxl17,55
Fbxl3,55
Fbxl5,74
Fbxo11,50
Fbxo2,87
Fbxo32,71
Fbxo45,55
Fbxo5,69
Fbxo6,55
Fbxw4,55
Fcer1g,55
Fcgr3,55
Fcgr4,74
Fcho1,87
Fcho2,55
Fcnb,74
Fcrl1,87
Fdps,69
Fen1,69
Fer,55
Ffar2,74
Fgd3,71
Fgd4,71
Fgf14,87
Fgfr2,87
Fgfr3,87
Fgfrl1,55
Fgl2,55
Fgr,74
Fh1,69
Fhl1,87
Fignl1,69
Fis1,55
Fkbp2,71
Fkbp4,55
Fkbp5,71
Flcn,55
Fli1,71
Flna,55
Flnb,55
Flot2,74
Flt3,74
Fmnl2,71
Fmnl3,55
Fmo5,71
Fmr1,55
Fn1,55
Fndc4,87
Fnip1,55
Fnta,71
Fopnl,71
Fos,69
Fosl2,55
Foxd2os,69
Foxd4,74
Foxj2,55
Foxm1,69
Foxp1,55
Fpgs,55
Frrs1,71
Frrs1l,87
Fsd1,87
Fstl1,87
Ftsj3,55
Fundc1,71
Fzd9,87
Fzr1,55
G2e3,69
G3bp1,55
Gab1,55
Gabarapl2,55
Gabbr2,87
Gabrb3,87
Gadd45a,74
Gadd45b,74
Gale,69
Galns,69
Galnt2,55
Galnt9,87
Gapdh,69
Gapt,74
Gars,55
Gart,55
Gas2l3,69
Gas6,55
Gas7,74
Gatc,55
Gatm,69
Gatsl3,71
Gbgt1,31
Gbp2,55
Gca,74
Gcat,69
Gcnt7,32
Gcsh,71
Gda,74
Gdap1,87
Gemin5,55
Gemin6,74
Gen1,69
Get4,71
Gfi1,74
Gfm1,55
Gfra4,87
Ggh,55
Ggt7,87
Gimap6,71
Gins1,69
Gins2,69
Gins3,69
Gipc1,55
Gja1,87
Gjc2,87
Glcci1,33
Gle1,55
Glra1,87
Glrb,87
Glrx,74
Glul,71
Gm10033,87
Gm10509,55
Gm10790,55
Gm10872,74
Gm12522,87
Gm12942,55
Gm13157,71
Gm13629,87
Gm1966,55
Gm2a,71
Gm3604,34
Gm4737,69
Gm4944,71
Gm5086,69
Gm5431,55
Gm9733,74
Gmnn,69
Gnao1,87
Gnb2,55
Gng10,55
Gngt2,55
Gnl2,55
Gnpda1,55
Gnpda2,55
Gnptab,55
Golim4,55
Got2,55
Gpaa1,55
Gpatch4,71
Gpc1,55
Gpc5,87
Gpld1,55
Gpm6a,87
Gpn2,71
Gpr146,55
Gpr162,55
Gpr165,55
Gpr180,55
Gpr27,55
Gpr34,71
Gpr37l1,87
Gpr61,87
Gpr82,35
Gpr84,55
Gprasp1,55
Gprasp2,71
Gprc5b,36
Gpsm2,69
Gpx4,55
Grap,55
Gria3,87
Gria4,87
Grik4,87
Grik5,87
Grin1,87
Grin3a,87
Grina,74
Grip1,87
Grip2,87
Grk6,55
Grm4,87
Grm5,87
Grm7,87
Grwd1,55
Gsg2,69
Gsn,74
Gsr,74
Gt(ROSA)26Sor,55
Gtf2a2,55
Gtf2f1,71
Gtf2ird1,55
Gtf3c5,55
Gtse1,69
Gusb,55
H1f0,55
H2-D1,55
H2-M3,37
H2-Ob,55
H2-T23,71
H2afv,71
H2afx,69
H2afy,55
H2afz,69
H3f3a,55
Hacd2,69
Hacd4,55
Hagh,55
Hap1,87
Hapln2,87
Hapln4,87
Harbi1,55
Hat1,71
Haus1,69
Haus4,69
Haus5,69
Haus6,55
Haus7,71
Haus8,71
Havcr2,71
Hbp1,71
Hcfc1,55
Hcn1,87
Hcn2,55
Hdac1,55
Hdac2,55
Hdac6,55
Hdgf,69
Hdgfrp3,38
Hdlbp,55
Heatr1,55
Heatr3,55
Heatr5b,55
Hells,69
Herc4,55
Hexa,71
Hfe,71
Hgh1,55
Hid1,87
Hif3a,38
Hint1,71
Hip1r,74
Hirip3,69
Hist1h1c,71
Hist1h2ae,69
Hk3,74
Hlx,55
Hmgb2,74
Hmgb3,69
Hmgcl,74
Hmgcr,55
Hmgcs1,55
Hmgn1,69
Hmgn2,74
Hmgn3,71
Hmgn5,71
Hmmr,69
Hmox1,55
Hn1,69
Hn1l,55
Hnmt,55
Hnrnpab,69
Hnrnpd,55
Hnrnpf,55
Hnrnpll,55
Hnrnpm,55
Hnrnpu,55
Hoxa7,87
Hoxd8,87
Hpgd,55
Hprt,71
Hpse,74
Hs1bp3,71
Hsbp1,55
Hsd17b12,55
Hsd3b7,71
Hsh2d,74
Hsp90aa1,71
Hsp90ab1,55
Hsp90b1,55
Hspa14,69
Hspa1a,55
Hspa1b,55
Hspa4,55
Hspa5,55
Hspa8,55
Hspa9,55
Hspb6,71
Hspd1,55
Hsph1,55
Htra1,87
Htra3,55
Hvcn1,55
Hyls1,69
Hyou1,55
Iars2,55
Icam1,55
Icam2,39
Icmt,55
Ide,55
Idh3a,55
Idh3g,55
Idi1,69
Idnk,55
Idua,55
Ifi204,71
Ifi27l2a,87
Ifi30,55
Ifit1,55
Ifit2,55
Ifit3,71
Ifit3b,71
Ifitm1,74
Ifitm3,74
Ifitm6,74
Ifngr1,71
Ift140,55
Ift80,69
Igfbp5,87
Igsf1,87
Igsf6,74
Igsf8,55
Iigp1,55
Ikzf2,40
Il10ra,71
Il10rb,71
Il15,55
Il16,71
Il1b,74
Il1f9,74
Il1r2,74
Il21r,55
Il4ra,55
Il6ra,55
Il7r,71
Ildr1,71
Ilf2,69
Ilf3,55
Ilk,55
Immp1l,55
Imp4,55
Impa2,69
Impdh2,69
Incenp,69
Inha,87
Inpp4b,71
Inpp5j,74
Inpp5k,71
Ints1,55
Ints2,55
Ints7,55
Ip6k3,55
Ipo11,69
Ipo4,55
Ipo5,55
Ipo9,55
Iqgap1,74
Iqgap2,74
Iqgap3,69
Iqsec3,87
Irak2,55
Irf2bp2,55
Irf2bpl,55
Irf7,74
Irf9,55
Irs2,55
Isoc2b,71
Itch,55
Itga3,87
Itga4,74
Itgal,74
Itgb1bp1,55
Itgb2l,74
Itgb7,74
Itgb8,87
Itih3,87
Itm2b,69
Itpr3,55
Itprip,74
Jade1,55
Jade2,55
Jag2,69
Jakmip2,87
Jarid2,55
Jdp2,55
Jmy,71
Jph4,87
Jun,55
Jund,55
Kalrn,87
Kantr,41
Kars,55
Kat8,71
Katnb1,55
Kcna1,87
Kcna2,87
Kcna3,55
Kcna6,87
Kcnab2,74
Kcnab3,87
Kcnc1,87
Kcnc3,87
Kcnc4,87
Kcnh2,87
Kcnk12,55
Kcnk6,55
Kcnq2,87
Kctd21,71
Kctd9,69
Kdm2b,55
Kdm5b,55
Kdm6b,55
Kdm7a,55
Khsrp,55
Kif11,69
Kif14,69
Kif15,69
Kif17,87
Kif18a,69
Kif18b,69
Kif1a,87
Kif1b,87
Kif20a,69
Kif20b,69
Kif21a,87
Kif22,69
Kif23,69
Kif24,69
Kif2c,69
Kif4,69
Kif5a,87
Kif5c,87
Kif9,42
Kifc1,69
Kifc2,87
Kifc3,55
Kit,74
Kitl,55
Klf10,55
Klf5,74
Klf6,55
Klhdc8b,71
Klhl24,71
Klhl38,71
Klhl6,55
Klk8,55
Klra2,74
Klrg2,55
Kndc1,87
Knstrn,69
Kntc1,69
Kpna2,69
Kpnb1,55
Krt80,74
Kti12,71
Kxd1,71
L1cam,87
L3mbtl2,55
LOC100038947,74
Lactb,55
Lag3,55
Lair1,71
Lamb2,55
Lamp2,71
Lamp5,87
Lamtor5,55
Larp1,55
Larp7,71
Lars,55
Lars2,55
Lat2,69
Lats2,55
Ldhb,55
Ldlr,55
Ldlrad3,74
Letm1,55
Lfng,55
Lgals1,71
Lgals3,74
Lgals3bp,71
Lgals8,71
Lgi3,87
Lhfpl4,87
Lifr,71
Lig1,69
Lilra5,55
Lilra6,74
Limch1,87
Lin28a,74
Lin54,55
Lin9,69
Lingo1,87
Lingo2,87
Llgl1,55
Lmf2,69
Lmna,69
Lmnb1,69
Lmnb2,69
Lmo2,55
Lmo4,71
Lmtk2,55
Lnp,55
Lonrf3,69
Lpcat4,74
Lpin1,55
Lpl,55
Lppr2,87
Lpxn,55
Lrfn4,87
Lrg1,74
Lrig1,87
Lrp11,87
Lrp12,55
Lrp1b,87
Lrp3,87
Lrp8,87
Lrpap1,55
Lrr1,69
Lrrc16b,87
Lrrc49,55
Lrrc4b,87
Lrrc4c,87
Lrrc59,55
Lrrc8b,69
Lrrk2,74
Lrrn2,87
Lsm10,55
Lsm11,55
Lsm2,71
Lsm4,71
Lsm6,71
Lsp1,69
Lsr,71
Lst1,55
Lta4h,74
Ltb,74
Ltb4r1,74
Ltf,74
Ltk,87
Ltv1,71
Luzp1,87
Luzp2,87
Ly6c2,74
Ly75,74
Ly86,43
Lyar,87
Lynx1,87
Lyrm5,55
Lysmd1,44
Lyz2,74
Lzts3,55
Mad1l1,55
Mad2l1,69
Mad2l2,71
Maf,55
Maf1,71
Mafb,55
Maged1,55
Magi3,55
Mal,87
Maml1,71
Maml2,71
Man1b1,55
Map1a,87
Map1b,87
Map1lc3a,55
Map1lc3b,69
Map2,87
Map3k3,55
Map4k1,55
Map4k3,55
Map4k4,55
Map6,87
Map7d1,55
Mapk10,87
Mapk11,87
Mapk13,74
Mapk8ip2,87
Mapkapk3,74
Mapt,87
March1,55
March7,55
March8,55
Marcksl1,55
Mark1,87
Mars2,55
Mast2,55
Mastl,69
Mat2a,55
Mat2b,71
Maz,55
Mbd4,69
Mbip,71
Mbnl3,74
Mbtd1,55
Mcam,74
Mcemp1,74
Mcf2l,87
Mcfd2,55
Mcl1,55
Mcm10,69
Mcm2,69
Mcm3,69
Mcm4,69
Mcm5,69
Mcm6,69
Mcm7,69
Mcm8,69
Mcmbp,55
Mcph1,55
Mdc1,55
Mdm1,69
Me1,87
Me2,55
Med11,55
Med14,55
Med9,71
Mef2a,55
Megf9,74
Melk,69
Memo1,55
Mertk,55
Mesdc1,55
Metrn,69
Mettl23,55
Mff,55
Mfhas1,55
Mfn1,55
Mfng,71
Mfsd10,55
Mfsd12,55
Mfsd6,74
Mgam,74
Mgea5,55
Mgme1,55
Mgst1,74
Mif,55
Milr1,69
Minpp1,55
Mirg,87
Mis12,55
Mis18a,71
Mis18bp1,69
Mki67,69
Mkks,55
Mkl1,55
Mknk1,71
Mknk2,55
Mkrn1,71
Mlkl,69
Mllt1,55
Mlph,71
Mlxip,55
Mlycd,71
Mmd,69
Mmp25,74
Mmp8,74
Mmp9,74
Mms22l,69
Mns1,69
Mob4,55
Mocos,74
Mogs,55
Morf4l2,69
Mospd1,74
Mov10,55
Mpeg1,71
Mphosph10,55
Mphosph9,55
Mplkip,71
Mpo,74
Mpp6,55
Mpv17,55
Mras,71
Mrc1,45
Mre11a,55
Mrpl12,71
Mrpl17,55
Mrpl18,69
Mrpl20,55
Mrpl28,69
Mrpl42,71
Mrpl49,69
Mrpl51,71
Mrs2,55
Ms4a4c,74
Ms4a6b,55
Ms4a6c,74
Ms4a6d,46
Ms4a8a,47
Msh6,55
Msrb2,55
Mta2,55
Mtbp,55
Mtch1,55
Mterf4,71
Mtfr2,69
Mthfd1,55
Mthfd1l,55
Mthfd2,55
Mthfsl,55
Mtmr3,55
Mtrf1,71
Mtss1l,87
Mum1,71
Mvk,55
Mvp,55
Mx1,55
Mxd1,74
Mybbp1a,55
Mybl1,69
Mybl2,69
Myc,55
Mycl,71
Myef2,69
Myh10,55
Myh14,87
Myh9,55
Mylip,71
Mynn,55
Myo1b,55
Myo1c,55
Myo1d,74
Myo1e,55
Myo1f,55
Myo5a,55
Myof,74
Myt1l,87
N4bp2l1,74
Naa20,55
Naa40,55
Naaa,55
Nacad,87
Nacc1,55
Nacc2,55
Naga,71
Naglu,55
Nalcn,87
Nanos1,69
Nans,71
Nap1l1,69
Nap1l4,55
Nap1l5,87
Napsa,74
Narf,71
Nasp,69
Nat6,71
Nat9,55
Ncam1,87
Ncan,87
Ncapd2,69
Ncapd3,69
Ncapg,69
Ncapg2,69
Ncaph,69
Ncaph2,69
Ncbp1,55
Ncdn,55
Ncf1,71
Nckap5l,55
Ncl,55
Ncln,55
Ncs1,55
Ndc1,69
Ndc80,69
Nde1,69
Ndfip2,87
Ndrg4,87
Ndst1,55
Ndufa1,55
Ndufa4,55
Ndufa6,55
Ndufa7,55
Ndufb8,55
Ndufs4,55
Ndufs6,55
Ndufv2,55
Nebl,87
Nedd4,74
Nedd9,74
Nefh,71
Nefl,87
Nefm,87
Neil3,69
Nek2,69
Nelfe,69
Nell2,87
Nes,69
Net1,69
Neto2,69
Neu1,71
Neurl1a,55
Neurl1b,69
Neurl3,71
Nf2,55
Nfasc,87
Nfe2,74
Nfib,87
Nfkb2,55
Nfkbia,22
Nfkbie,71
Nhp2,71
Nhp2l1,55
Nhsl2,74
Nid2,55
Nin,55
Ninj1,55
Nip7,48
Nipbl,55
Nlgn1,87
Nlgn3,87
Nlrp12,74
Nlrx1,55
Nme1,71
Nme3,55
Nmral1,71
Noc2l,55
Noc4l,55
Nod1,55
Nol10,55
Nol9,55
Nolc1,55
Nomo1,55
Nono,55
Nop16,87
Nop2,55
Nop56,55
Nop58,69
Nop9,55
Notch2,55
Notch3,87
Notch4,71
Npc2,69
Npdc1,87
Nphp4,69
Npnt,55
Npr2,87
Nptxr,69
Nr1d2,55
Nr2c2,55
Nr4a1,74
Nrarp,71
Nrbp2,87
Nrcam,87
Nrg1,87
Nrm,69
Nrros,55
Nrxn1,87
Nrxn2,87
Nrxn3,87
Nsg1,87
Nsl1,69
Nsmce2,71
Nt5dc2,69
Ntm,87
Ntrk2,87
Ntrk3,87
Nucks1,69
Nudc,71
Nudt16,71
Nudt21,69
Nudt5,55
Nudt7,55
Nuf2,69
Nufip2,55
Numb,55
Nup107,69
Nup133,55
Nup153,55
Nup155,55
Nup160,55
Nup188,55
Nup205,55
Nup210,55
Nup37,69
Nup50,55
Nup62,69
Nup85,71
Nup93,69
Nusap1,69
Nxt1,71
Nxt2,55
Oaf,55
Oard1,55
Oas3,74
Oasl1,74
Oasl2,55
Oat,55
Odc1,55
Odf2,55
Ogdh,55
Ogfod3,69
Oip5,49
Olfm1,87
Olfm2,87
Olfml2b,55
Opa3,55
Oprl1,87
Orai3,71
Orc1,69
Orc2,55
Orc6,69
Ormdl1,87
Osbpl11,55
Osgin1,74
Ostc,55
Ostf1,55
Otud4,55
Oxct1,55
P2rx4,55
P2rx6,87
P2ry12,71
P3h2,55
P4hb,55
P4htm,87
Pa2g4,71
Padi4,74
Pag1,55
Paics,69
Paip2,55
Pak3,87
Palb2,69
Palm,74
Papd7,55
Paqr4,55
Paqr8,55
Parp1,55
Parpbp,69
Pask,69
Paxip1,55
Pbk,69
Pbx1,74
Pbxip1,55
Pcdh7,87
Pcdh9,87
Pcmtd1,71
Pcmtd2,71
Pcna,69
Pcnt,55
Pcnx,55
Pcsk1n,87
Pcx,55
Pdcd1,55
Pdcd10,71
Pdcd4,55
Pdcd6,55
Pddc1,71
Pde12,55
Pde2a,74
Pde8b,55
Pdf,71
Pdia5,55
Pdia6,55
Pdlim5,13
Pdlim7,74
Pds5a,55
Pds5b,55
Pdxk,55
Pear1,55
Pef1,55
Peg3,87
Peli1,55
Peli2,71
Pelp1,55
Penk,87
Pex2,55
Pex7,71
Pfas,71
Pfdn5,55
Pfkl,55
Pfkm,87
Pgm2l1,50
Pgp,69
Phf19,69
Phf2,55
Phf24,87
Phgdh,69
Phlda1,74
Phldb1,69
Phtf1,55
Phxr4,4
Pi16,74
Picalm,55
Pid1,71
Piezo1,55
Pif1,69
Pigc,55
Pign,55
Pigp,55
Pik3ip1,71
Pilra,74
Pilrb1,74
Pilrb2,74
Pim2,55
Pim3,55
Pin1,71
Pink1,69
Pip5kl1,87
Pirb,74
Pitpnc1,71
Pitpnm2,87
Pitpnm3,87
Pitrm1,55
Pkib,55
Pkm,55
Pkmyt1,69
Pkn3,69
Pla2g4a,55
Pla2g7,74
Plaur,74
Plch2,87
Plec,55
Plekha1,55
Plekha6,87
Plekhd1,87
Plekhf2,55
Plekhg1,74
Plekhh1,51
Plekhh2,55
Plekhh3,55
Plekho2,55
Plk1,69
Plk4,69
Plp1,87
Plp2,74
Plxna1,87
Plxna4os1,55
Plxnb1,87
Plxnb3,71
Plxnc1,55
Pmf1,71
Pml,55
Pmpca,55
Pms2,55
Pnck,87
Pnkp,74
Pnma2,87
Pno1,55
Pnpla2,71
Pnpla3,87
Pnpla7,55
Pnrc1,69
Pnrc2,71
Poc1a,69
Podxl2,87
Pofut1,55
Pogk,55
Poglut1,55
Pola1,69
Pola2,71
Pold1,69
Pold2,69
Pold3,55
Pole,69
Pole2,69
Pole3,52
Pole4,71
Polh,55
Polq,69
Polr1b,55
Polr1e,71
Polr3d,55
Pom121,55
Pomt1,55
Pon3,53
Porcn,71
Ppa1,69
Ppan,55
Ppap2b,87
Ppargc1a,87
Ppfia3,87
Ppig,71
Ppil1,69
Ppm1f,55
Ppm1g,55
Ppm1l,55
Ppp1r14b,55
Ppp1r1b,87
Ppp1r21,71
Ppp1r3d,55
Ppp2r3a,55
Ppp2r4,55
Ppp2r5d,55
Ppp6r1,55
Pprc1,55
Ppt1,71
Pram1,74
Prc1,69
Prdm16,55
Prdx1,71
Prdx2,55
Prdx4,55
Prdx5,74
Prelid1,69
Prelid2,55
Prep,55
Prickle1,55
Prim1,69
Prim2,69
Prkab1,71
Prkar2a,55
Prkar2b,74
Prkcb,55
Prkch,71
Prkra,54
Prmt1,55
Prmt5,55
Prmt7,55
Prorsd1,55
Prpf31,55
Prpf40a,55
Prps1,87
Prpsap2,71
Prr11,69
Prr13,74
Psat1,69
Psd2,87
Psd3,69
Psip1,69
Psma1,55
Psma3,55
Psma5,71
Psma6,55
Psmb2,71
Psmb7,55
Psmc1,69
Psmc3,71
Psmc3ip,69
Psmd1,55
Psmd11,87
Psmd12,69
Psmd2,55
Psmd3,55
Psrc1,69
Pstpip1,74
Pstpip2,74
Ptbp1,55
Ptchd2,87
Ptchd4,87
Pten,55
Ptges3l,56
Ptgir,74
Ptgr1,71
Ptgr2,71
Ptk2,55
Ptma,71
Ptpmt1,55
Ptpn1,55
Ptpn22,74
Ptprd,87
Ptpre,55
Ptprf,87
Ptprn,87
Ptpro,71
Ptpru,87
Ptprz1,87
Ptrh2,55
Pts,55
Pttg1ip,55
Pvrl2,55
Pwp2,55
Pxdn,87
Pxn,55
Pxylp1,74
Pycr2,55
Pycrl,71
Pygl,74
Pygm,87
Pyhin1,71
Rab11a,55
Rab11fip1,74
Rab11fip2,57
Rab15,87
Rab1b,55
Rab39,87
Rab3d,74
Rab3il1,55
Rab5b,71
Rab6b,55
Rab7b,69
Rabac1,55
Rac3,55
Racgap1,69
Rad18,69
Rad21,69
Rad23a,55
Rad50,55
Rad51,69
Rad51ap1,69
Rad51c,69
Rad54b,69
Rad54l,69
Radil,87
Rai14,55
Ralgds,55
Ramp1,55
Ran,69
Ranbp1,69
Ranbp2,55
Ranbp9,55
Rangap1,69
Rap1b,71
Rap1gap,87
Rapgef4,87
Rara,74
Rars,55
Rasa2,74
Rasgrf1,87
Rasgrp2,74
Rassf2,55
Rassf5,71
Rb1cc1,55
Rbbp7,69
Rbbp8,69
Rbbp9,71
Rbfox3,87
Rbl1,69
Rbm14,55
Rbm15,71
Rbm19,55
Rbm44,69
Rbm47,87
Rbm7,71
Rbmxl1,55
Rbx1,55
Rcan1,71
Rcbtb2,55
Rcc1,69
Rcc2,55
Rchy1,58
Rcsd1,71
Rdh12,74
Rdh14,55
Rdm1,69
Recql,55
Recql4,69
Reep2,87
Reep4,69
Rell1,59
Relt,74
Reps1,55
Rere,55
Resp18,87
Rfc1,55
Rfc2,69
Rfc3,71
Rfc4,69
Rfc5,69
Rfwd3,55
Rfx2,69
Rgs1,55
Rgs10,55
Rgs12,69
Rgs18,74
Rgs2,55
Rhbdf2,55
Rhno1,71
Rhob,71
Rhobtb1,71
Rhoh,71
Rhou,55
Rian,87
Ric8,71
Rif1,55
Rims2,87
Rin2,71
Rin3,74
Rint1,55
Ripk3,55
Rlf,55
Rmi2,69
Rnase4,55
Rnase6,55
Rnaseh2b,71
Rnf112,87
Rnf122,55
Rnf13,71
Rnf130,55
Rnf135,71
Rnf138,71
Rnf144a,74
Rnf149,55
Rnf157,55
Rnf166,71
Rnf167,69
Rnf168,55
Rnf169,55
Rnf19a,55
Rnf208,87
Rnf25,60
Rnf26,69
Rnf7,55
Rnft1,71
Rnpep,55
Rnps1,71
Rora,55
Rpa1,55
Rpa2,69
Rpl13a,55
Rpl17,55
Rpl19,55
Rpl22l1,55
Rpl3,71
Rpl32,55
Rpl35a,55
Rpl5,55
Rpl7,55
Rpl9,55
Rpn1,55
Rpp40,71
Rprd1b,55
Rps11,55
Rps12,55
Rps13,55
Rps14,55
Rps15a,55
Rps15a-ps6,55
Rps18,55
Rps2,71
Rps24,55
Rps25,55
Rps27a,55
Rps3,55
Rps6ka4,55
Rps9,55
Rqcd1,55
Rrm1,69
Rrm2,69
Rrm2b,61
Rrp1,55
Rrp12,55
Rrp15,71
Rrp7a,55
Rrp9,55
Rrs1,55
Rsad2,74
Rsl1d1,55
Rspo1,55
Rtca,55
Rtel1,69
Rtfdc1,71
Rtn2,87
Rtp4,74
Rundc3a,87
Runx1,55
Rusc1,71
Ruvbl2,55
Rwdd2a,71
Ryr2,87
Ryr3,87
S100a11,74
S100a8,55
S100b,87
S1pr4,74
Saa3,74
Sae1,69
Samd9l,55
Samhd1,74
Sap18,55
Sapcd2,69
Sar1b,55
Sart3,55
Sass6,55
Sat1,55
Satb1,55
Sbds,69
Scarb1,55
Scd2,55
Scg2,87
Scg3,87
Scg5,87
Scn1a,87
Scn2a1,87
Scn2b,87
Scn3a,87
Scn8a,87
Scoc,55
Scrg1,55
Sdad1,55
Sdc3,55
Sdf2l1,69
Sdf4,71
Sdhd,71
Sdk1,55
Sec23ip,55
Sec24a,55
Sec61g,55
Selk,55
Sell,74
Sema4a,74
Sema4f,87
Sema5b,87
Sema6b,55
Senp1,55
Sep15,55
Sephs1,69
Sepp1,69
Sept1,74
Sept11,55
Sept3,87
Sept4,87
Sept5,74
Sept8,55
Sept9,74
Serbp1,69
Serinc1,71
Serp1,71
Serpinb10,74
Serpinb1a,74
Serpinb9,71
Serpine1,71
Sesn1,71
Sestd1,71
Set,87
Setd1b,55
Setd3,55
Setd8,55
Setdb2,55
Sez6,87
Sez6l2,87
Sf3b2,55
Sf3b3,55
Sfmbt1,55
Sft2d1,55
Sfxn1,69
Sfxn2,71
Sgk1,55
Sgms2,74
Sgol1,69
Sgol2a,69
Sgsm1,87
Sh3gl2,87
Sh3pxd2a,74
Shank1,87
Shc2,87
Shcbp1,69
Shd,87
Shmt1,69
Shmt2,69
Siah1a,55
Sidt1,87
Sidt2,55
Sirpb1b,74
Ska1,69
Ska2,71
Ska3,69
Skp2,69
Sla,55
Slbp,69
Slc10a1,62
Slc11a2,55
Slc12a4,55
Slc12a5,87
Slc12a7,55
Slc12a9,55
Slc15a3,55
Slc16a1,55
Slc16a10,63
Slc16a6,71
Slc17a6,87
Slc19a2,55
Slc1a3,71
Slc1a4,55
Slc1a5,55
Slc20a1,69
Slc24a2,87
Slc25a10,69
Slc25a24,74
Slc25a25,55
Slc25a36,55
Slc28a2,74
Slc29a1,55
Slc2a3,74
Slc2a6,55
Slc30a3,87
Slc31a2,74
Slc32a1,87
Slc35a5,71
Slc35e2,71
Slc35f1,87
Slc35f3,87
Slc35g1,55
Slc38a10,55
Slc39a14,55
Slc43a2,55
Slc43a3,69
Slc45a1,87
Slc4a10,87
Slc4a2,55
Slc4a3,87
Slc4a4,87
Slc4a8,69
Slc6a1,87
Slc6a11,87
Slc6a17,87
Slc6a5,87
Slc6a7,87
Slc6a8,87
Slc7a1,55
Slc7a10,87
Slc7a14,87
Slc7a5,55
Slc7a6,55
Slc8a3,87
Slc9a6,55
Slco3a1,55
Slco4c1,74
Slfn1,74
Slfn5,55
Slfn8,71
Slfn9,55
Slit1,87
Slit2,87
Slitrk5,87
Slk,55
Slpi,74
Slx4,55
Smad4,55
Smarca2,55
Smarca4,55
Smarca5,55
Smarcb1,55
Smarcc1,55
Smarcc2,55
Smc1a,69
Smc2,69
Smc3,71
Smc4,69
Smc6,69
Smchd1,55
Smg7,55
Smim14,69
Smim15,55
Smim20,55
Smpd4,55
Smtn,69
Smug1,71
Smyd2,71
Snap23,71
Snap25,87
Snap47,55
Snap91,87
Snd1,55
Snn,55
Snph,55
Snrnp25,55
Snrpa1,69
Snrpb,71
Snrpd1,71
Snrpg,55
Snx10,71
Snx2,55
Snx5,71
Snx7,55
Snx9,55
Socs6,55
Sod1,55
Soga3,87
Sorl1,55
Sox4,55
Sp100,74
Spag4,69
Spag5,69
Sparcl1,87
Spc24,69
Spc25,69
Spdl1,69
Spg7,55
Spidr,55
Spint1,55
Spn,74
Spns2,55
Spock2,87
Spryd7,55
Sptb,87
Sptbn1,55
Sptbn2,87
Sptbn4,87
Sptssa,55
Sqle,69
Sqstm1,55
Srbd1,55
Srebf1,55
Srebf2,55
Sri,74
Srm,69
Srp14,55
Srp68,55
Srrm3,87
Srrt,69
Srsf1,69
Srsf2,71
Srsf4,55
Srxn1,55
Ssh2,55
Ssr2,71
Ssr4,55
Ssrp1,55
Ssx2ip,55
St3gal6,71
St7l,64
St8sia5,87
Stab1,55
Stac2,87
Stambpl1,71
Stard3nl,55
Stard4,65
Stard5,71
Stard7,55
Stat1,55
Stat3,55
Stat6,55
Steap2,87
Steap3,69
Steap4,74
Stfa1,74
Stil,69
Stim2,55
Stip1,55
Stk10,55
Stk35,55
Stk38,55
Stmn1,69
Stmn2,87
Stmn3,87
Ston1,66
Stox2,87
Stra13,55
Strip2,67
Stt3b,55
Stx11,74
Stx2,55
Stx3,87
Stx5a,71
Stxbp5l,87
Suclg2,55
Sult1a1,55
Sumo1,55
Sumo2,55
Supt16,71
Supt4a,55
Surf6,55
Susd1,55
Susd2,87
Susd3,68
Susd4,87
Susd6,55
Suv39h1,69
Suv420h1,55
Suz12,55
Svil,55
Svip,74
Syce2,87
Syn1,71
Syncrip,55
Syne1,74
Syne3,69
Syngr3,87
Syp,87
Syt1,87
Syt11,69
Syt13,87
Syt2,87
Syt3,87
Syt6,55
Syt7,87
Sytl2,87
Tab2,71
Tacc3,69
Tacstd2,74
Taf1,55
Tagln2,69
Taldo1,74
Tap1,55
Tars,55
Tbc1d1,55
Tbc1d17,71
Tbc1d2,74
Tbc1d31,55
Tbc1d8,55
Tbl2,55
Tbl3,71
Tceal3,87
Tceanc,55
Tceb2,55
Tcerg1,69
Tcf19,69
Tcf3,55
Tcf4,55
Tcf7l2,69
Tcn2,71
Tcof1,55
Tcp1,69
Tcp11l2,74
Tcta,55
Tdp1,55
Tdrkh,55
Telo2,55
Ten1,55
Tenm2,87
Tenm3,87
Tenm4,87
Tex12,70
Tex15,74
Tex30,71
Tex9,69
Tfdp1,69
Tfrc,55
Tgfbi,74
Tgfbr1,55
Tgif1,55
Tgm2,55
Thbs1,74
Thop1,55
Thrap3,55
Thrsp,55
Thumpd3,71
Tiam2,74
Ticrr,69
Tifa,71
Tigd2,72
Tigd3,69
Timeless,69
Timm50,69
Timp3,87
Tinagl1,74
Tinf2,71
Tipin,69
Tk1,69
Tk2,71
Tkt,55
Tlr1,55
Tlr7,55
Tlr8,74
Tlr9,55
Tm2d1,55
Tm6sf1,74
Tm9sf1,55
Tma7,55
Tmc7,71
Tmc8,74
Tmcc1,55
Tmco6,71
Tmed3,71
Tmed8,55
Tmem104,55
Tmem107,69
Tmem109,55
Tmem129,69
Tmem130,87
Tmem132a,87
Tmem136,71
Tmem138,71
Tmem141,55
Tmem145,87
Tmem147,55
Tmem150a,69
Tmem151a,87
Tmem154,74
Tmem159,71
Tmem175,55
Tmem179,87
Tmem194,69
Tmem2,74
Tmem201,55
Tmem204,55
Tmem214,55
Tmem221,55
Tmem223,55
Tmem237,55
Tmem256,55
Tmem37,55
Tmem38b,74
Tmem44,55
Tmem50a,55
Tmem51,74
Tmem52,73
Tmem55b,71
Tmem59l,87
Tmem60,55
Tmem68,71
Tmem8,55
Tmem86a,71
Tmem87b,55
Tmem97,69
Tmod1,55
Tmod2,87
Tmpo,69
Tnfaip1,55
Tnfaip2,74
Tnfaip3,55
Tnfaip8l1,69
Tnfaip8l2,69
Tnfsf12,71
Tnfsf14,74
Tnik,87
Tnk2,87
Tnks1bp1,55
Tnpo2,55
Tob1,74
Tomm40,55
Tomm40l,71
Tonsl,69
Top2a,69
Topbp1,55
Tor3a,55
Tpm2,55
Tpm4,69
Tpp1,55
Tprgl,71
Tpst1,55
Tpst2,71
Tpt1,55
Tpx2,69
Traf3,55
Traf5,71
Traip,69
Trap1,55
Trappc1,55
Trem2,55
Trem3,74
Trf,71
Trib2,87
Tril,87
Trim12a,69
Trim12c,69
Trim14,55
Trim28,55
Trim3,55
Trim30a,71
Trim30d,71
Trim34a,71
Trim37,55
Trim59,69
Trim65,71
Trim8,55
Trim9,87
Triobp,74
Trip13,69
Troap,69
Trp53,55
Trp53inp1,71
Tsc22d3,22
Tshz1,69
Tsn,71
Tspan13,75
Tspan32,74
Tspan4,76
Tsr1,55
Tssc4,69
Ttc37,55
Ttc7,55
Ttc7b,55
Ttf2,55
Ttk,69
Ttll12,55
Ttll5,55
Ttll7,87
Ttyh1,87
Ttyh3,55
Tub,87
Tuba1a,69
Tuba1b,69
Tuba1c,69
Tubb2a,71
Tubb3,87
Tubb4b,69
Tubb5,71
Tubb6,69
Tube1,69
Tubg1,69
Tubgcp2,55
Tubgcp6,55
Tusc3,71
Tvp23b,71
Twistnb,55
Twsg1,55
Txlna,55
Txn2,71
Txndc11,55
Txndc17,55
Txndc5,55
Txnip,71
Txnrd1,55
Tyms,69
Tyro3,87
Tyrobp,55
U2af1,69
Uap1l1,71
Ubap1l,87
Ubap2,55
Ube2b,55
Ube2c,69
Ube2h,55
Ube2m,55
Ube2o,55
Ube2q2,55
Ube2s,69
Ube2t,69
Ube4b,55
Ubl3,71
Ubqln4,55
Ubr5,55
Ubxn7,55
Uchl1,87
Uchl5,69
Uck2,69
Ucp2,55
Uevld,55
Uggt1,55
Uhrf1,69
Ulbp1,69
Ulk1,55
Umps,55
Unc119,74
Unc13a,87
Unc13c,87
Unc50,55
Unc93b1,71
Ung,69
Upf3a,55
Uqcrb,55
Uqcrc1,55
Uqcrh,55
Urb1,55
Urb2,55
Use1,55
Usf1,71
Usp1,69
Usp10,55
Usp14,55
Usp15,55
Usp18,55
Usp3,71
Usp31,55
Usp32,55
Usp37,55
Usp39,55
Usp5,55
Usp54,55
Utp18,87
Utp20,55
Uxs1,55
Vac14,55
Vamp4,77
Vamp8,55
Vars,55
Vasp,55
Vav2,55
Vav3,74
Vbp1,71
Vcan,74
Vcl,74
Vcp,55
Vegfa,55
Vezf1,71
Vgf,87
Vgll4,78
Vhl,71
Vim,74
Vimp,68
Vkorc1,55
Vldlr,87
Vps39,71
Vrk1,69
Vstm5,87
Vwa5b2,87
Vwa8,55
Wars,55
Wbscr16,55
Wdfy4,55
Wdhd1,69
Wdr26,55
Wdr35,55
Wdr43,55
Wdr45,55
Wdr45b,55
Wdr46,55
Wdr61,55
Wdr62,69
Wdr90,69
Wee1,69
Whsc1,69
Wls,55
Wnk2,87
Wscd1,55
Xbp1,55
Xdh,74
Xiap,55
Xkr5,69
Xpnpep1,55
Xpo1,55
Xpo4,55
Xrcc1,55
Xrcc2,69
Xrcc6,55
Ybx1,71
Ybx3,55
Yipf4,55
Ypel3,55
Ypel4,87
Ypel5,55
Ywhaq,71
Zak,55
Zbed3,71
Zbp1,79
Zbtb16,80
Zbtb18,55
Zbtb4,81
Zc3h14,55
Zc3h18,55
Zc3hav1l,69
Zcchc18,87
Zdbf2,87
Zdhhc18,55
Zdhhc2,69
Zdhhc3,55
Zeb2os,55
Zfand4,74
Zfand6,55
Zfp105,55
Zfp119b,55
Zfp120,71
Zfp141,71
Zfp157,71
Zfp160,71
Zfp182,71
Zfp189,55
Zfp2,71
Zfp260,87
Zfp273,55
Zfp277,82
Zfp317,71
Zfp322a,87
Zfp36,55
Zfp367,69
Zfp36l1,55
Zfp386,71
Zfp41,55
Zfp456,71
Zfp462,87
Zfp51,71
Zfp516,55
Zfp606,71
Zfp62,71
Zfp622,55
Zfp626,83
Zfp65,71
Zfp654,55
Zfp677,71
Zfp68,71
Zfp708,84
Zfp709,71
Zfp712,55
Zfp715,55
Zfp719,55
Zfp740,55
Zfp759,85
Zfp763,71
Zfp780b,55
Zfp799,71
Zfp82,55
Zfp85,71
Zfp867,86
Zfp869,71
Zfp871,55
Zfp873,55
Zfp874a,71
Zfp874b,71
Zfp90,71
Zfp930,71
Zfp935,71
Zfp941,87
Zfp943,71
Zfp958,71
Zfp963,71
Zfr2,87
Zfyve21,88
Zgrf1,69
Zkscan14,74
Zmynd19,55
Znfx1,55
Znhit3,71
Zranb3,69
Zscan18,71
Zswim6,87
Zw10,55
Zwilch,69
Zwint,55
Zyx,74
