gene,log2FC,padj
Cdk1,2.55192916176284,1.35285897658735e-28
Mcm6,2.50803157552852,2.79266332169968e-27
Mcm3,1.80042879852138,1.37507659975767e-24
Pole,2.97355278992572,2.56296057716225e-23
Fen1,2.3177756027288,2.56296057716225e-23
Ncaph,2.04175335903128,2.56296057716225e-23
Tmpo,1.74803641077477,1.00737864761814e-22
Mcm2,2.31225662241534,1.66555260975063e-21
Atad2,2.46649327651171,1.76462630089136e-21
Racgap1,2.66279418723501,3.74630621894655e-19
Fn1,2.97132048588006,5.23863880048531e-19
D17H6S56E-5,1.62886263302392,8.08541587626756e-19
Mcm7,2.24344120114409,8.81274947208379e-19
Pask,2.62176801009358,9.57594087026591e-19
Stmn1,2.24320827051886,1.25442027827622e-18
Cbx5,2.12009469981869,5.31894058718818e-18
Tubb5,1.87583843250244,7.95973615493941e-18
Iqgap3,1.80989823768248,8.18189273249142e-18
Lig1,2.63578705578478,1.24798506792208e-17
Gas6,1.05568486395584,7.70052033225934e-17
E2f1,2.37992570589594,8.84738121874116e-17
Cdkn2c,2.09187573880955,1.12857150361427e-16
Tubb4b,2.04088610879421,1.20493023416068e-16
Cdca3,2.64700714904177,1.20493023416068e-16
Prr11,2.69499235425584,1.76763459401809e-16
Phgdh,1.22793422758884,1.97431422430768e-16
Spc25,2.14298011569964,2.84210401010697e-16
Chaf1a,2.60225976680361,3.10093504130898e-16
Nup205,1.49139632881538,3.79020377665878e-16
Rad51,2.69140059078993,5.86075498191478e-16
Cpd,1.43145917393792,7.23348223261769e-16
Rrm1,2.14094550060548,8.01758465707323e-16
Chaf1b,2.68146758074917,9.72001178710223e-16
Vars,1.1111337474336,1.24252969373441e-15
Mastl,2.66673583813031,1.24252969373441e-15
Ssrp1,1.06028885529985,1.59257483621931e-15
Stil,2.60239236570383,2.320576615589e-15
Tuba1c,1.92949804825271,2.97832582182977e-15
2810417H13Rik,2.31353760340202,3.80563834206889e-15
Uhrf1,2.64142375613395,5.54621551170072e-15
Tcf19,2.63702831396568,6.47589386442089e-15
Hells,2.35960103788318,1.21167534011679e-14
Ncapg2,2.6367558132699,1.54825016616508e-14
4930579G24Rik,2.37720552498764,1.57409608290035e-14
Gpr84,1.34357756230536,1.98014149495657e-14
Incenp,2.20436942902707,2.1548521926942e-14
Nt5dc2,1.38420403612085,2.64310676781007e-14
Slc43a3,2.22289451475594,2.96908723607503e-14
Alyref,1.16231832437903,3.00317569085931e-14
Brca1,2.8903394230086,3.00317569085931e-14
Ndc1,1.88075076089367,5.23492958207519e-14
Wee1,2.44273346683471,6.09116392493836e-14
Pbk,2.56442172930136,9.48835336635853e-14
4930427A07Rik,2.59022073642927,1.11827070634549e-13
Ercc6l,2.7019498948445,1.14386976552447e-13
Rpa1,1.48560693274535,1.16017952097403e-13
Dnmt1,1.66194982159968,1.19573861955536e-13
Timeless,2.34912613939023,1.25201843071436e-13
Nek2,2.55416575045769,1.70560894191772e-13
Fignl1,2.4784562283045,1.73482735493439e-13
Rpa2,1.78097577383068,1.73985438809971e-13
Rbl1,1.66784146567495,1.82801954493555e-13
Trim37,1.56009324800172,2.85855496202118e-13
Brip1,2.79322603671657,2.91044027833577e-13
Mcm5,2.22248398941341,3.67187877679331e-13
Nup210,1.99042337945976,3.72376529196257e-13
Tipin,1.70370413612784,3.72376529196257e-13
Shmt2,1.37492939714516,4.00531089685845e-13
Dek,1.35665923551639,4.00531089685845e-13
Cdc25b,2.01952101263918,4.23057231807504e-13
Pcna,1.31667847160152,5.21235232939874e-13
Msh6,1.25935747592931,5.25345874507111e-13
Sept11,1.40090527073573,5.98694976442216e-13
Aurkb,2.36143459759309,7.26336123807915e-13
Sqle,1.8150006621019,8.12758652614205e-13
Mad2l1,1.97368780328753,9.29797917463894e-13
Cks1b,2.24196714037184,1.02732894211444e-12
Tacc3,2.25646833711561,1.22168770931251e-12
Foxm1,2.48776994437557,1.34669113268763e-12
Ckap2,2.39169161352326,1.54500557829521e-12
Asf1b,2.39853210801391,1.59659381326303e-12
Ckap2l,2.36542984785772,1.649424650046e-12
Tfdp1,1.33730783458914,1.74631012295437e-12
Tyms,1.8258223800321,2.38557298025665e-12
Topbp1,1.72146948055491,3.03029042354902e-12
Rfc4,1.84255241637775,3.03029042354902e-12
Ftsj3,1.26988322285839,3.12189213120956e-12
Gins2,1.98305294846538,3.56568851083076e-12
Gcat,2.13507260210301,4.96042756448974e-12
Dbf4,1.81872573968321,5.48497680931923e-12
Kif4,2.61899518591259,7.2366984998328e-12
H2afz,1.34816310312723,8.06863979301511e-12
Cdca5,2.04047562876457,8.22411342444045e-12
Birc5,2.36890288736968,1.00124105877941e-11
Zfp367,1.64279570333401,1.13620389163971e-11
Htra3,1.2636064902963,1.15473462293721e-11
Sgol2a,2.29278268882226,1.22158489614102e-11
Xpo1,1.14191143185794,1.39641873882566e-11
Haus4,1.62934745068191,1.4460070361774e-11
Plk1,2.44941757115533,1.59711664061618e-11
Cln6,1.38515910881379,1.80938096415693e-11
Exo1,2.4075863218089,1.8824133957742e-11
Lmnb1,2.07899262465173,1.94322027454936e-11
Slbp,1.10819096082291,2.10043221360079e-11
Nuf2,2.38981400351701,2.19317101334672e-11
Tk1,2.32888591232461,2.93309505568861e-11
Kif18b,2.33474704544999,3.65303744042848e-11
Tmem97,1.66215961596162,4.26652057976143e-11
Hmmr,2.41922608762568,4.73937560504479e-11
Tubg1,1.67704824160012,4.85190933207179e-11
Nup155,1.34021371735591,4.85190933207179e-11
Ranbp1,1.31056109811065,4.98732847715862e-11
Hn1l,1.35700518867677,5.31944887781468e-11
Pola1,2.15282340028234,5.63698385455585e-11
BC030867,2.56860464300183,5.74530482821726e-11
Ect2,2.2035907908625,6.06573553900168e-11
Diap3,2.64719994556588,7.00594537506079e-11
Rangap1,1.41401550958157,7.72293030527793e-11
Prc1,2.3883825220903,7.89863365872238e-11
Nup107,1.68144613123068,8.59978240426387e-11
Rad51ap1,2.3864168347688,8.90578369849165e-11
Trim59,2.16467556961675,1.1646115388835e-10
Cdca2,2.40845152786944,1.3762734415144e-10
Cdt1,1.6435971219978,1.60255773317591e-10
Mast2,1.22799412957543,1.6310519851999e-10
Ndc80,2.22019752848118,1.6310519851999e-10
Nde1,1.04512190822187,1.64423163854882e-10
Xkr5,2.52999609581952,1.68699512102538e-10
H2afx,2.18573323562545,1.84606681955122e-10
Fanci,2.24261828073464,1.8889454528968e-10
Mcm4,1.72898689189258,1.9494570357827e-10
Smc2,2.02086781856971,2.1002441056502e-10
Mis18bp1,2.19414736324104,2.12919195723381e-10
Ccnb1,2.37249950301351,2.13372696532618e-10
Wdhd1,2.20896574341568,2.14580448161257e-10
Ncapg,2.40003105826847,2.21759448361033e-10
Espl1,1.43910935829453,2.23951409681581e-10
Cdc20,2.30777388820713,2.25332097425396e-10
Hnrnpab,1.11236881923938,2.57875993880918e-10
Fam83d,2.16181490814842,2.58300282138887e-10
Ilf3,1.08781670860548,2.63281420331782e-10
Spc24,2.21041172047235,3.06223345252734e-10
Nusap1,2.24779199314758,3.43266164823063e-10
Cyp51,1.3657600215438,3.54596987908018e-10
Bub1,2.29784107211621,4.05888762530455e-10
Nup62,1.26320849659162,4.06484035411247e-10
Ube2c,2.38389811049953,4.41906281387594e-10
Fancd2,2.24539874093856,4.63142077823341e-10
Whsc1,1.79052365116631,4.99544997324972e-10
Rcc1,1.62512593380386,6.00730574264755e-10
