receptor,ligand,best_affinity_kcal_mol,protocol
IKBKB_4KIK,amlexanox,-6.619,centroid40A_v2 (Vina 1.2.7)
IKBKB_4KIK,phenazone,-5.018,centroid40A_v2 (Vina 1.2.7)
IKBKB_4KIK,ruxolitinib,-6.661,centroid40A_v2 (Vina 1.2.7)
IKBKB_4KIK,tofacitinib,-6.314,centroid40A_v2 (Vina 1.2.7)
IKBKB_4KIK,vorinostat,-5.406,centroid40A_v2 (Vina 1.2.7)
IRAK1_4U2U,amlexanox,-7.132,centroid40A_v2 (Vina 1.2.7)
IRAK1_4U2U,phenazone,-5.647,centroid40A_v2 (Vina 1.2.7)
IRAK1_4U2U,ruxolitinib,-7.232,centroid40A_v2 (Vina 1.2.7)
IRAK1_4U2U,tofacitinib,-6.534,centroid40A_v2 (Vina 1.2.7)
IRAK1_4U2U,vorinostat,-5.678,centroid40A_v2 (Vina 1.2.7)
JAK3_6RU9,amlexanox,-8.534,centroid40A_v2 (Vina 1.2.7)
JAK3_6RU9,phenazone,-5.84,centroid40A_v2 (Vina 1.2.7)
JAK3_6RU9,ruxolitinib,-7.326,centroid40A_v2 (Vina 1.2.7)
JAK3_6RU9,tofacitinib,-6.474,centroid40A_v2 (Vina 1.2.7)
JAK3_6RU9,vorinostat,-6.651,centroid40A_v2 (Vina 1.2.7)
MALT1_5CQY,amlexanox,-7.213,centroid40A_v2 (Vina 1.2.7)
MALT1_5CQY,phenazone,-5.259,centroid40A_v2 (Vina 1.2.7)
MALT1_5CQY,ruxolitinib,-6.734,centroid40A_v2 (Vina 1.2.7)
MALT1_5CQY,tofacitinib,-6.146,centroid40A_v2 (Vina 1.2.7)
MALT1_5CQY,vorinostat,-6.039,centroid40A_v2 (Vina 1.2.7)
MYD88_5NFO,amlexanox,-7.666,centroid40A_v2 (Vina 1.2.7)
MYD88_5NFO,phenazone,-5.895,centroid40A_v2 (Vina 1.2.7)
MYD88_5NFO,ruxolitinib,-7.448,centroid40A_v2 (Vina 1.2.7)
MYD88_5NFO,tofacitinib,-6.728,centroid40A_v2 (Vina 1.2.7)
MYD88_5NFO,vorinostat,-6.911,centroid40A_v2 (Vina 1.2.7)
TBK1_4DLE,amlexanox,-7.933,centroid40A_v2 (Vina 1.2.7)
TBK1_4DLE,phenazone,-5.677,centroid40A_v2 (Vina 1.2.7)
TBK1_4DLE,ruxolitinib,-7.735,centroid40A_v2 (Vina 1.2.7)
TBK1_4DLE,tofacitinib,-7.505,centroid40A_v2 (Vina 1.2.7)
TBK1_4DLE,vorinostat,-6.493,centroid40A_v2 (Vina 1.2.7)
