decoy_name,parent_active,smiles
decoy_tofacitinib_ranitidine_x,tofacitinib,Cc1nc(N)nc(NCCSCc2ccc(CN(C)C)cc2)n1
decoy_tofacitinib_codeine_x,tofacitinib,COc1ccc2c(c1OC)CC(O)C1C2CCC1O
decoy_tofacitinib_pantoprazole_x,tofacitinib,CS(=O)(=O)c1nc2ccc(CC(=O)O)cc2n1c1ccc(OC)cc1
decoy_tofacitinib_cimetidine,tofacitinib,Cc1nc(NC)nc(NCCSCc2ccccc2)n1
decoy_tofacitinib_phenytoin,tofacitinib,O=C1NC(=O)NC1(c1ccccc1)c1ccccc1
decoy_tofacitinib_atenolol,tofacitinib,CC(C)NCC(O)COc1ccc(cc1)NCC(N)=O
decoy_tofacitinib_propranolol,tofacitinib,CC(C)NCC(O)COc1cccc2ccccc12
decoy_tofacitinib_morphine_x,tofacitinib,COc1ccc2c(c1)CC(O)C1C2CCC1O
decoy_ruxolitinib_warfarin,ruxolitinib,CC(=O)CC(c1ccccc1)c1c(O)c2ccccc2oc1=O
decoy_ruxolitinib_diazepam,ruxolitinib,CN1C(=O)CN=C(c2ccccc2)c2cc(Cl)ccc21
decoy_ruxolitinib_testosterone_x,ruxolitinib,CC12CCC3C(C1CCC2O)CCC3C1=CC(=O)CC(C1)C
decoy_ruxolitinib_simvastatin_x,ruxolitinib,CC(C)C(=O)OC1=C(C)C(C)=C(C)C(=C1)C(=O)CC(C)CC(=O)O
decoy_ruxolitinib_diclofenac,ruxolitinib,O=C(O)Cc1ccccc1Nc1c(Cl)cccc1Cl
decoy_ruxolitinib_cimetidine,ruxolitinib,Cc1nc(NC)nc(NCCSCc2ccccc2)n1
decoy_ruxolitinib_diphenhydramine,ruxolitinib,CN(C)CCOC(c1ccccc1)c1ccccc1
decoy_ruxolitinib_chlorpromazine,ruxolitinib,CN(C)CCSC1=CC=C(N(CC)CC)C=C1
decoy_phenazone_aspirin,phenazone,CC(=O)Oc1ccccc1C(=O)O
decoy_phenazone_zidovudine,phenazone,Cc1c(C)n(c(=O)[nH]1)COC(C)C
decoy_phenazone_ephedrine,phenazone,CC(NC)C(O)Cc1ccccc1
decoy_phenazone_ketamine_x,phenazone,CN1C2CCC1C(N)C2(Cl)Cl
decoy_phenazone_baclofen,phenazone,NCCC(c1ccc(Cl)cc1)C(=O)O
decoy_phenazone_nicotine,phenazone,CN1CCCC1c1cccnc1
decoy_phenazone_imipramine,phenazone,CN(C)CCC1=CC=CC=C1
decoy_phenazone_amphetamine,phenazone,CC(N)CCc1ccccc1
decoy_amlexanox_cimetidine,amlexanox,Cc1nc(NC)nc(NCCSCc2ccccc2)n1
decoy_amlexanox_diazepam,amlexanox,CN1C(=O)CN=C(c2ccccc2)c2cc(Cl)ccc21
decoy_amlexanox_propranolol,amlexanox,CC(C)NCC(O)COc1cccc2ccccc12
decoy_amlexanox_warfarin,amlexanox,CC(=O)CC(c1ccccc1)c1c(O)c2ccccc2oc1=O
decoy_amlexanox_ranitidine_x,amlexanox,Cc1nc(N)nc(NCCSCc2ccc(CN(C)C)cc2)n1
decoy_amlexanox_chlorpromazine,amlexanox,CN(C)CCSC1=CC=C(N(CC)CC)C=C1
decoy_amlexanox_diphenhydramine,amlexanox,CN(C)CCOC(c1ccccc1)c1ccccc1
decoy_amlexanox_venlafaxine,amlexanox,CC(NCC(O)CC)C1=CC=C(OCC)C=C1
decoy_vorinostat_propranolol,vorinostat,CC(C)NCC(O)COc1cccc2ccccc12
decoy_vorinostat_cimetidine,vorinostat,Cc1nc(NC)nc(NCCSCc2ccccc2)n1
decoy_vorinostat_venlafaxine,vorinostat,CC(NCC(O)CC)C1=CC=C(OCC)C=C1
decoy_vorinostat_fluoxetine,vorinostat,CNCCCOc1ccc(cc1)C(F)(F)F
decoy_vorinostat_phenytoin,vorinostat,O=C1NC(=O)NC1(c1ccccc1)c1ccccc1
decoy_vorinostat_chlorpromazine,vorinostat,CN(C)CCSC1=CC=C(N(CC)CC)C=C1
decoy_vorinostat_estradiol_x,vorinostat,Cc1cc2c(cc1O)CCC1C2CC(O)CC1
decoy_vorinostat_diazepam,vorinostat,CN1C(=O)CN=C(c2ccccc2)c2cc(Cl)ccc21
