receptor_key,box_id,center_x,center_y,center_z,size
JAK3_6RU9,JAK3_6RU9_rand00,111.156,-1.613,97.712,40.0
JAK3_6RU9,JAK3_6RU9_rand01,110.493,-28.786,49.151,40.0
JAK3_6RU9,JAK3_6RU9_rand02,122.351,7.953,82.351,40.0
JAK3_6RU9,JAK3_6RU9_rand03,114.831,-19.314,107.423,40.0
JAK3_6RU9,JAK3_6RU9_rand04,142.536,-3.930,76.424,40.0
JAK3_6RU9,JAK3_6RU9_rand05,152.233,-12.604,81.943,40.0
JAK3_6RU9,JAK3_6RU9_rand06,142.696,-7.332,66.582,40.0
JAK3_6RU9,JAK3_6RU9_rand07,135.865,-27.699,96.773,40.0
JAK3_6RU9,JAK3_6RU9_rand08,113.527,-55.274,69.147,40.0
JAK3_6RU9,JAK3_6RU9_rand09,138.978,-17.133,90.186,40.0
JAK3_6RU9,JAK3_6RU9_rand10,120.284,-42.413,58.401,40.0
JAK3_6RU9,JAK3_6RU9_rand11,125.333,-17.648,46.913,40.0
IKBKB_4KIK,IKBKB_4KIK_rand00,55.291,5.665,-52.636,40.0
IKBKB_4KIK,IKBKB_4KIK_rand01,-7.999,-0.759,-70.563,40.0
IKBKB_4KIK,IKBKB_4KIK_rand02,51.560,20.784,-62.307,40.0
IKBKB_4KIK,IKBKB_4KIK_rand03,38.111,-18.749,-71.747,40.0
IKBKB_4KIK,IKBKB_4KIK_rand04,44.058,18.717,-51.980,40.0
IKBKB_4KIK,IKBKB_4KIK_rand05,42.471,-23.874,-47.888,40.0
IKBKB_4KIK,IKBKB_4KIK_rand06,38.194,-21.632,-61.220,40.0
IKBKB_4KIK,IKBKB_4KIK_rand07,21.935,-7.520,-28.546,40.0
IKBKB_4KIK,IKBKB_4KIK_rand08,46.563,12.809,-66.996,40.0
IKBKB_4KIK,IKBKB_4KIK_rand09,28.781,14.056,-30.879,40.0
IKBKB_4KIK,IKBKB_4KIK_rand10,60.950,-15.868,-63.364,40.0
IKBKB_4KIK,IKBKB_4KIK_rand11,36.481,-14.454,-20.463,40.0
MALT1_5CQY,MALT1_5CQY_rand00,86.149,-78.849,49.330,40.0
MALT1_5CQY,MALT1_5CQY_rand01,93.224,-72.587,12.022,40.0
MALT1_5CQY,MALT1_5CQY_rand02,56.434,-82.572,6.665,40.0
MALT1_5CQY,MALT1_5CQY_rand03,86.720,-50.462,28.375,40.0
MALT1_5CQY,MALT1_5CQY_rand04,97.478,-81.608,5.210,40.0
MALT1_5CQY,MALT1_5CQY_rand05,44.195,-70.235,2.354,40.0
MALT1_5CQY,MALT1_5CQY_rand06,76.074,-42.904,-10.204,40.0
MALT1_5CQY,MALT1_5CQY_rand07,70.638,-65.505,-9.124,40.0
MALT1_5CQY,MALT1_5CQY_rand08,68.644,-85.641,-3.043,40.0
MALT1_5CQY,MALT1_5CQY_rand09,50.689,-77.412,-3.503,40.0
MALT1_5CQY,MALT1_5CQY_rand10,91.312,-75.517,12.529,40.0
MALT1_5CQY,MALT1_5CQY_rand11,42.307,-69.097,0.821,40.0
TBK1_4DLE,TBK1_4DLE_rand00,44.226,-47.435,-4.280,40.0
TBK1_4DLE,TBK1_4DLE_rand01,24.365,-32.548,13.966,40.0
TBK1_4DLE,TBK1_4DLE_rand02,20.652,8.083,-6.005,40.0
TBK1_4DLE,TBK1_4DLE_rand03,20.165,-1.426,-22.311,40.0
TBK1_4DLE,TBK1_4DLE_rand04,1.779,-13.566,-14.472,40.0
TBK1_4DLE,TBK1_4DLE_rand05,54.924,-33.629,-0.610,40.0
TBK1_4DLE,TBK1_4DLE_rand06,7.664,-17.240,-37.597,40.0
TBK1_4DLE,TBK1_4DLE_rand07,45.414,-1.818,1.730,40.0
TBK1_4DLE,TBK1_4DLE_rand08,8.112,-47.289,-27.088,40.0
TBK1_4DLE,TBK1_4DLE_rand09,24.846,-42.068,-32.110,40.0
TBK1_4DLE,TBK1_4DLE_rand10,24.687,-48.233,-24.956,40.0
TBK1_4DLE,TBK1_4DLE_rand11,37.805,-43.732,0.844,40.0
IRAK1_4U2U,IRAK1_4U2U_rand00,2.868,-24.785,10.403,40.0
IRAK1_4U2U,IRAK1_4U2U_rand01,-15.117,-17.480,-7.016,40.0
IRAK1_4U2U,IRAK1_4U2U_rand02,-26.320,-25.592,40.393,40.0
IRAK1_4U2U,IRAK1_4U2U_rand03,-22.704,12.536,38.870,40.0
IRAK1_4U2U,IRAK1_4U2U_rand04,-19.965,-6.552,-13.555,40.0
IRAK1_4U2U,IRAK1_4U2U_rand05,-65.718,-8.220,18.449,40.0
IRAK1_4U2U,IRAK1_4U2U_rand06,-10.796,11.960,27.724,40.0
IRAK1_4U2U,IRAK1_4U2U_rand07,-30.771,21.894,30.046,40.0
IRAK1_4U2U,IRAK1_4U2U_rand08,-16.434,15.125,21.220,40.0
IRAK1_4U2U,IRAK1_4U2U_rand09,-25.100,-9.534,-16.836,40.0
IRAK1_4U2U,IRAK1_4U2U_rand10,5.748,-26.294,21.378,40.0
IRAK1_4U2U,IRAK1_4U2U_rand11,-34.385,-35.976,-0.699,40.0
MYD88_5NFO,MYD88_5NFO_rand00,-21.039,49.370,-30.976,40.0
MYD88_5NFO,MYD88_5NFO_rand01,-24.202,13.221,8.806,40.0
MYD88_5NFO,MYD88_5NFO_rand02,-0.672,-11.790,-19.197,40.0
MYD88_5NFO,MYD88_5NFO_rand03,-55.421,14.972,-34.102,40.0
MYD88_5NFO,MYD88_5NFO_rand04,-14.980,31.806,-42.843,40.0
MYD88_5NFO,MYD88_5NFO_rand05,-6.486,16.728,-1.344,40.0
MYD88_5NFO,MYD88_5NFO_rand06,-45.779,11.668,-35.392,40.0
MYD88_5NFO,MYD88_5NFO_rand07,-43.954,24.247,-33.431,40.0
MYD88_5NFO,MYD88_5NFO_rand08,-15.509,7.106,11.501,40.0
MYD88_5NFO,MYD88_5NFO_rand09,0.166,31.294,-17.261,40.0
MYD88_5NFO,MYD88_5NFO_rand10,-43.924,20.643,-3.567,40.0
MYD88_5NFO,MYD88_5NFO_rand11,-4.419,29.689,-9.579,40.0
